Transaction_ID,Transaction_Amount,Account_Age_Days,Num_Transactions_24h,Avg_Transaction_Amount,Distance_From_Home_KM,Hour_Of_Day,Merchant_Category_Code,Leakage_Feature,Fraud
500000,17.38,1894,3,86.37,54.7,21,1.0,0,0
500001,32.38,912,3,315.67,11.4,1,5.0,0,0
500002,170.67,325,4,39.38,22.2,16,8.0,0,0
500003,69.35,816,4,117.97,1.8,17,1.0,0,0
500004,223.78,1643,4,87.64,9.8,4,,0,0
500005,127.82,2080,3,326.51,28.6,5,4.0,0,0
500006,237.2,957,4,128.8,27.4,8,8.0,0,0
500007,19.42,645,0,178.32,15.3,15,5.0,0,0
500008,79.68,749,0,38.64,20.2,0,4.0,1,1
500009,57.97,2885,1,139.21,41.7,19,1.0,0,0
500010,608.54,1891,2,140.65,18.8,8,5.0,1,1
500011,91.26,2972,0,57.96,32.6,11,8.0,0,0
500012,31.88,19,2,324.9,12.9,21,,0,0
500013,168.33,1374,2,486.94,21.9,3,1.0,0,0
500014,53.5,1372,4,179.3,1.6,22,8.0,1,1
500015,254.61,1204,0,188.31,13.9,14,3.0,1,0
500016,284.55,1175,5,9.28,24.3,10,,1,1
500017,58.49,238,1,130.34,20.8,1,5.0,0,0
500018,71.13,97,4,65.09,12.8,1,,0,0
500019,156.96,2334,3,45.98,7.7,19,4.0,0,0
500020,259.86,1322,4,57.79,25.0,9,6.0,0,0
500021,170.57,489,5,17.19,20.1,18,2.0,0,0
500022,91.38,1043,1,17.11,29.9,19,2.0,0,0
500023,38.55,2799,3,167.11,11.0,9,8.0,0,0
500024,397.3,1403,4,53.57,36.6,7,1.0,1,0
500025,173.6,2971,0,86.33,6.3,6,2.0,1,1
500026,454.45,485,4,90.27,3.8,15,6.0,1,1
500027,192.02,368,1,186.54,59.4,17,5.0,0,0
500028,415.21,1691,3,80.23,6.8,8,3.0,0,0
500029,65.57,2049,6,25.26,25.2,13,1.0,1,1
500030,69.94,2943,5,147.38,16.9,12,3.0,0,0
500031,111.38,1398,2,60.41,60.5,3,1.0,1,0
500032,61.01,601,2,40.93,37.7,12,5.0,1,0
500033,26.79,1623,1,89.83,4.0,18,4.0,0,0
500034,76.43,921,1,76.91,74.5,23,8.0,0,0
500035,190.06,539,1,124.66,48.9,8,7.0,0,0
500036,43.29,266,8,121.53,14.9,5,4.0,1,0
500037,48.11,2170,2,119.83,6.2,21,5.0,0,0
500038,80.67,1928,3,210.36,26.8,22,6.0,0,0
500039,55.02,500,2,162.98,28.1,19,3.0,0,0
500040,84.59,1677,5,14.75,2.1,8,5.0,0,0
500041,118.03,2656,3,43.24,25.1,6,1.0,1,1
500042,46.22,2454,5,237.99,45.8,14,8.0,1,0
500043,82.26,1362,3,38.63,24.0,6,8.0,0,0
500044,126.48,172,2,246.78,20.6,18,8.0,0,0
500045,63.22,1904,3,367.13,18.4,9,,0,0
500046,38.54,1549,6,373.24,9.6,7,7.0,0,0
500047,67.43,2765,4,75.81,53.3,19,5.0,0,0
500048,95.68,1660,5,188.18,15.8,8,8.0,0,0
500049,25.27,2214,5,36.66,26.7,3,1.0,1,1
500050,192.16,1585,2,51.31,4.9,19,4.0,1,1
500051,99.91,1623,2,59.45,19.9,7,1.0,0,0
500052,67.76,952,2,197.11,34.0,15,8.0,0,0
500053,29.86,1208,4,117.04,15.4,15,2.0,0,0
500054,174.79,888,1,40.1,15.8,1,,0,0
500055,286.51,1386,5,233.27,21.9,0,,0,0
500056,79.16,2854,3,308.15,,19,8.0,0,0
500057,428.12,1025,4,153.49,25.0,1,5.0,0,0
500058,121.93,1390,5,95.4,95.5,7,1.0,0,0
500059,125.42,2838,4,41.14,59.4,18,4.0,0,0
500060,231.26,454,0,79.44,12.6,4,4.0,0,0
500061,181.49,759,4,39.35,,12,7.0,0,0
500062,43.01,1480,5,64.62,,2,2.0,1,1
500063,76.67,1228,2,54.41,16.8,13,1.0,1,0
500064,259.31,1024,4,91.05,,17,6.0,0,0
500065,184.15,2334,3,101.3,35.9,5,4.0,0,0
500066,430.74,1497,0,26.95,15.4,6,1.0,0,0
500067,164.1,1093,1,194.34,5.8,12,4.0,0,0
500068,188.7,1437,2,222.48,,18,4.0,0,0
500069,67.24,2659,1,123.8,6.8,13,2.0,0,0
500070,283.48,2951,1,195.1,39.0,16,2.0,1,1
500071,11.35,729,1,96.07,27.5,9,1.0,0,0
500072,142.49,121,3,205.15,18.3,3,7.0,0,0
500073,192.78,95,2,170.42,46.8,23,1.0,1,1
500074,156.19,1336,8,8.8,8.5,19,5.0,0,0
500075,122.71,1886,1,179.59,2.6,1,1.0,0,0
500076,112.25,154,3,64.02,6.3,6,7.0,0,0
500077,126.66,1525,1,101.75,94.6,9,4.0,0,0
500078,49.68,1199,3,19.9,9.7,1,8.0,0,0
500079,155.6,2799,1,109.94,14.6,20,1.0,0,0
500080,67.91,1811,4,26.7,69.8,4,,0,0
500081,79.22,1269,6,100.66,,4,4.0,0,0
500082,44.52,1760,2,62.8,36.8,7,1.0,0,0
500083,697.04,407,4,72.41,75.9,22,4.0,0,0
500084,147.6,1425,4,230.71,,5,4.0,0,0
500085,36.0,989,3,156.44,21.4,10,4.0,0,0
500086,136.32,543,3,146.5,43.3,16,5.0,0,0
500087,281.31,1180,4,52.17,1.1,3,2.0,0,0
500088,154.32,1917,6,30.92,14.4,2,2.0,1,1
500089,120.22,1749,1,82.37,,2,,0,0
500090,63.11,2891,4,41.29,9.9,4,6.0,1,1
500091,154.51,824,1,280.07,24.9,7,4.0,0,0
500092,214.59,2099,3,115.42,37.1,22,4.0,0,0
500093,216.24,1651,2,78.73,16.4,22,8.0,0,0
500094,143.89,2621,3,70.27,37.5,13,6.0,0,0
500095,143.56,2724,4,41.11,27.7,22,1.0,0,0
500096,313.52,2122,4,100.23,44.0,0,3.0,1,1
500097,291.38,1271,1,58.37,27.7,13,1.0,0,0
500098,107.29,1600,4,140.27,1.6,10,8.0,0,0
500099,406.24,1955,1,157.06,10.8,2,7.0,0,0
500100,36.66,2417,4,149.48,7.0,13,,0,0
500101,148.74,687,1,162.39,68.4,10,3.0,0,0
500102,160.03,2619,4,229.76,6.0,18,6.0,0,0
500103,59.88,2404,4,175.71,16.1,10,2.0,0,0
500104,29.2,265,5,85.71,30.5,10,7.0,0,0
500105,61.08,809,2,21.85,,5,,0,0
500106,245.37,708,1,24.05,15.2,11,2.0,0,0
500107,250.4,1739,0,166.17,27.7,1,5.0,0,0
500108,206.38,626,5,106.61,9.9,13,2.0,0,0
500109,68.95,901,1,124.97,24.8,9,5.0,0,0
500110,252.58,568,3,25.32,42.2,6,,0,0
500111,73.18,203,2,30.46,11.6,8,,0,0
500112,155.55,1378,2,113.25,6.7,21,8.0,0,0
500113,126.06,959,1,90.39,79.9,16,3.0,0,0
500114,92.5,1514,4,128.98,,20,4.0,0,0
500115,199.19,636,5,58.4,20.6,9,3.0,0,0
500116,227.94,859,3,86.01,24.1,9,8.0,1,1
500117,65.4,2678,1,73.11,23.9,0,7.0,1,1
500118,131.85,2415,3,140.61,14.3,16,8.0,0,0
500119,219.65,799,1,49.41,20.1,0,4.0,0,0
500120,5.48,486,2,89.01,1.7,23,5.0,1,0
500121,171.07,2923,8,130.8,4.4,16,5.0,1,1
500122,222.89,2042,3,85.49,15.3,11,2.0,0,0
500123,176.71,1477,1,106.45,11.7,15,8.0,0,0
500124,182.89,2098,4,166.67,5.3,23,7.0,0,0
500125,119.1,663,5,84.55,20.0,3,,0,0
500126,212.23,1284,3,302.58,38.5,17,4.0,1,1
500127,41.82,1174,5,113.71,9.9,20,2.0,0,0
500128,61.39,2162,3,98.95,27.7,14,2.0,0,0
500129,180.63,551,6,40.87,15.7,15,5.0,0,0
500130,212.72,1467,2,122.09,,12,7.0,0,0
500131,282.56,2501,1,10.05,3.9,3,6.0,0,0
500132,366.57,589,3,46.5,6.3,23,6.0,0,0
500133,69.78,360,5,85.18,14.8,6,7.0,0,0
500134,48.84,2463,4,104.1,8.1,9,,1,1
500135,241.47,2620,5,48.72,55.1,23,8.0,0,0
500136,89.21,1292,4,34.97,4.2,1,3.0,1,1
500137,122.86,138,2,78.03,,9,6.0,0,0
500138,224.67,1622,1,62.65,93.6,13,,0,0
500139,148.52,899,0,69.27,3.8,5,6.0,0,0
500140,207.53,1762,2,151.38,21.9,16,,0,0
500141,64.13,420,1,218.23,16.0,12,1.0,0,0
500142,161.48,2415,1,74.61,,6,2.0,0,0
500143,159.02,2056,3,151.49,28.7,4,5.0,0,0
500144,279.17,1936,4,64.24,27.1,6,,0,0
500145,322.33,1537,2,60.23,46.3,19,5.0,0,0
500146,87.59,661,4,77.66,45.4,12,5.0,0,0
500147,54.35,2818,6,196.99,11.5,19,6.0,0,0
500148,216.24,798,3,24.52,11.1,17,,0,0
500149,26.33,1099,1,21.16,,19,5.0,1,0
500150,226.99,2778,1,284.37,24.9,20,6.0,0,0
500151,239.41,123,4,47.43,29.2,14,4.0,0,0
500152,81.91,376,2,86.14,22.2,8,8.0,1,1
500153,7.61,2285,2,68.81,13.3,16,4.0,1,1
500154,257.21,1104,2,248.15,,22,8.0,1,0
500155,337.67,1738,4,195.65,9.4,7,8.0,1,0
500156,322.27,1742,6,34.62,95.2,11,8.0,0,0
500157,329.39,2482,4,104.78,88.4,21,,0,0
500158,38.8,1861,4,125.44,111.6,14,3.0,1,1
500159,134.87,1278,4,148.47,26.4,3,7.0,0,0
500160,158.27,1648,1,13.91,15.2,8,8.0,0,0
500161,141.07,2214,3,21.1,65.5,6,5.0,0,0
500162,209.06,1137,2,155.97,22.7,11,7.0,0,0
500163,51.22,514,2,30.08,43.8,23,4.0,0,0
500164,25.52,1459,5,123.93,43.6,20,7.0,0,0
500165,17.34,2998,2,36.42,9.7,23,4.0,0,0
500166,261.0,337,2,22.56,34.8,17,5.0,0,0
500167,38.35,521,2,45.97,42.0,12,5.0,0,0
500168,140.37,2985,3,93.38,20.2,15,7.0,0,0
500169,78.72,2489,0,119.95,4.3,11,7.0,0,0
500170,81.81,351,2,130.52,66.7,0,7.0,0,0
500171,110.05,638,2,168.98,93.6,2,1.0,1,1
500172,84.85,2072,6,48.33,24.0,13,2.0,0,0
500173,25.59,2347,3,162.46,16.6,15,8.0,0,0
500174,110.12,2202,7,100.21,25.2,6,2.0,0,0
500175,65.37,2583,2,112.11,,0,7.0,0,0
500176,62.5,1520,3,381.34,3.3,1,6.0,1,1
500177,403.52,2630,2,144.06,46.9,7,3.0,0,0
500178,32.51,1788,4,80.71,,20,1.0,0,0
500179,105.98,1427,2,70.65,12.3,10,,0,0
500180,149.66,1909,1,94.08,80.4,23,8.0,0,0
500181,403.82,1287,7,25.83,21.1,21,1.0,1,1
500182,46.23,1819,2,123.82,24.4,20,6.0,0,0
500183,310.94,2501,4,93.21,18.4,23,2.0,0,0
500184,109.47,2874,3,111.11,52.1,5,4.0,0,0
500185,112.7,1738,2,99.86,35.3,23,1.0,0,0
500186,200.41,18,2,28.6,1.6,22,6.0,0,0
500187,344.42,1864,3,147.5,22.6,19,1.0,0,0
500188,84.3,756,5,59.01,43.2,4,6.0,0,0
500189,158.08,708,9,182.5,3.3,6,8.0,0,0
500190,142.35,2643,0,156.23,,15,,0,0
500191,137.21,1339,2,274.05,36.0,1,6.0,0,0
500192,225.39,2371,2,93.85,7.8,19,8.0,0,0
500193,69.48,1108,3,169.08,,10,7.0,1,1
500194,94.28,1820,3,294.4,5.2,0,,1,1
500195,26.39,1996,2,54.77,12.5,7,5.0,1,1
500196,189.22,2679,3,197.6,17.5,9,4.0,0,0
500197,132.41,590,1,142.23,38.7,15,5.0,0,0
500198,338.62,1684,1,40.7,45.3,14,1.0,1,1
500199,45.24,1217,3,85.47,27.4,8,8.0,1,0
500200,437.81,1392,2,420.24,16.8,14,8.0,1,1
500201,212.38,2546,2,190.33,41.8,21,3.0,0,0
500202,205.87,408,3,132.84,24.5,8,7.0,0,0
500203,77.09,1639,1,56.08,30.1,8,6.0,0,0
500204,102.2,1164,3,10.48,47.1,2,7.0,1,1
500205,88.8,2688,2,30.47,39.7,9,8.0,0,0
500206,298.01,650,2,96.7,30.0,6,6.0,0,0
500207,21.99,698,3,96.75,35.2,18,8.0,0,0
500208,114.47,273,6,225.98,12.2,2,3.0,0,0
500209,122.17,1320,1,45.28,10.5,14,4.0,0,0
500210,86.2,33,7,41.91,92.6,18,2.0,0,0
500211,56.6,1501,2,143.78,9.9,6,7.0,0,0
500212,10.47,671,5,71.79,47.5,1,3.0,0,0
500213,115.96,1202,2,71.13,16.5,16,5.0,1,1
500214,188.86,1815,3,211.06,38.5,14,2.0,1,1
500215,132.53,2053,6,39.65,1.3,13,3.0,0,0
500216,56.66,184,4,190.21,4.7,21,,0,0
500217,123.16,447,3,131.67,49.7,2,3.0,0,0
500218,341.39,953,3,65.98,2.8,4,5.0,0,0
500219,72.18,1558,8,94.47,12.4,11,4.0,0,0
500220,147.55,2650,4,49.55,67.8,13,5.0,1,1
500221,163.41,417,4,82.92,45.3,22,3.0,0,0
500222,35.11,204,3,283.85,15.7,14,4.0,0,0
500223,98.35,1887,4,54.36,10.0,5,1.0,0,0
500224,99.3,2936,7,18.42,75.9,20,5.0,0,0
500225,128.55,2490,1,96.64,10.9,9,1.0,1,1
500226,291.19,1696,3,251.65,29.0,20,,1,1
500227,43.66,60,0,113.56,63.3,6,7.0,0,0
500228,303.69,1729,2,78.96,33.5,18,4.0,0,0
500229,199.17,1371,5,76.24,63.4,12,8.0,0,0
500230,445.9,1341,3,193.99,15.0,13,4.0,1,1
500231,15.22,1478,5,124.07,7.0,23,7.0,0,0
500232,610.57,1684,0,143.52,39.8,3,5.0,0,0
500233,33.55,2161,2,106.73,58.0,7,5.0,0,0
500234,60.44,577,3,172.49,35.3,4,4.0,0,0
500235,60.95,225,1,283.86,8.5,19,8.0,0,0
500236,192.4,155,3,95.41,123.4,20,,1,0
500237,105.31,1218,4,122.46,5.2,20,4.0,0,0
500238,69.18,1524,4,275.81,26.4,5,7.0,0,0
500239,392.63,2356,0,106.52,63.1,6,,1,1
500240,12.17,1300,2,192.17,24.2,9,8.0,0,0
500241,253.93,1596,1,46.64,40.3,18,4.0,0,0
500242,119.96,2930,0,52.76,2.5,18,7.0,1,1
500243,68.1,2249,4,328.33,39.0,23,3.0,0,0
500244,75.57,2073,3,162.5,7.9,18,5.0,0,0
500245,96.88,1092,3,86.27,26.8,22,5.0,0,0
500246,61.69,457,0,62.98,5.0,6,5.0,1,0
500247,226.47,2760,2,76.41,42.2,14,4.0,0,0
500248,90.31,1660,1,31.69,34.8,12,1.0,0,0
500249,203.93,232,4,153.15,26.5,3,8.0,0,0
500250,76.62,1447,5,142.52,50.9,22,2.0,1,0
500251,145.61,274,3,140.18,37.9,2,2.0,1,0
500252,145.56,2943,4,235.93,4.8,20,7.0,0,0
500253,127.56,1585,2,102.09,49.7,6,,0,0
500254,310.27,2355,2,131.86,38.4,5,7.0,0,0
500255,331.67,1413,3,19.39,,14,3.0,0,0
500256,218.09,60,1,163.61,23.2,11,6.0,0,0
500257,268.7,1915,5,145.0,14.4,9,2.0,0,0
500258,209.72,1959,6,35.62,101.8,21,6.0,0,0
500259,85.0,687,5,86.56,6.8,16,8.0,0,0
500260,112.38,2149,1,214.38,15.2,14,5.0,0,0
500261,15.35,678,2,128.91,21.7,18,5.0,1,1
500262,52.96,2075,3,59.0,,19,5.0,0,0
500263,33.8,2247,1,145.28,15.7,4,3.0,0,0
500264,67.56,413,6,308.19,25.1,10,5.0,0,0
500265,154.43,876,7,26.38,35.4,21,6.0,0,0
500266,82.39,490,5,159.59,11.1,19,1.0,0,0
500267,234.2,2182,1,125.28,15.7,1,4.0,0,0
500268,54.93,707,3,32.55,85.7,5,5.0,0,0
500269,197.14,1922,4,129.54,50.6,6,2.0,0,0
500270,50.47,1253,1,63.8,49.7,12,4.0,1,0
500271,295.36,250,4,79.58,4.5,19,4.0,1,1
500272,54.82,2648,2,145.87,96.3,11,5.0,1,1
500273,176.69,2133,7,141.83,20.9,4,3.0,0,0
500274,69.29,785,4,139.78,54.2,13,8.0,0,0
500275,365.91,2638,3,419.04,27.0,5,6.0,0,0
500276,355.67,2126,7,89.45,2.4,16,6.0,0,0
500277,172.33,2450,2,39.44,16.5,23,7.0,0,0
500278,169.83,535,5,160.87,51.2,15,1.0,1,1
500279,222.11,27,5,124.7,52.4,21,3.0,0,0
500280,194.75,186,0,66.44,28.0,13,2.0,1,1
500281,243.51,1619,2,62.77,6.5,19,5.0,0,0
500282,53.66,2360,2,246.36,55.5,22,3.0,0,0
500283,127.59,2740,4,12.51,11.0,4,6.0,0,0
500284,73.88,2882,4,122.64,26.8,15,8.0,0,0
500285,351.97,1796,3,60.75,37.3,6,3.0,0,0
500286,39.71,1894,2,135.28,40.3,2,3.0,0,0
500287,394.44,871,2,53.06,36.2,5,4.0,0,0
500288,129.37,4,5,137.61,9.2,3,4.0,0,0
500289,246.16,584,1,205.95,15.0,4,3.0,0,0
500290,81.78,167,4,67.92,8.9,0,3.0,0,0
500291,36.39,2055,4,76.4,43.0,23,3.0,0,0
500292,342.55,1509,5,133.94,38.2,10,4.0,0,0
500293,183.81,2313,4,170.62,10.7,3,4.0,0,0
500294,43.43,445,2,368.41,,8,4.0,0,0
500295,116.37,2737,3,77.73,48.1,17,3.0,1,1
500296,109.48,2158,5,76.36,61.6,15,6.0,0,0
500297,179.16,2717,3,42.03,37.1,1,4.0,0,0
500298,53.43,1945,3,8.54,39.2,3,2.0,0,0
500299,42.46,1018,3,207.23,16.2,13,7.0,0,0
500300,141.23,1878,1,92.73,20.2,23,8.0,0,0
500301,56.42,1812,4,40.72,57.0,1,4.0,1,0
500302,349.87,543,5,186.03,12.9,20,5.0,0,0
500303,229.78,305,4,160.61,9.7,1,8.0,0,0
500304,225.02,1951,1,75.64,39.5,11,3.0,0,0
500305,14.91,284,4,126.36,1.8,5,2.0,0,0
500306,84.63,301,3,47.08,12.1,10,3.0,0,0
500307,99.93,215,1,166.39,63.4,22,4.0,0,0
500308,48.34,1866,2,64.92,73.5,5,4.0,1,1
500309,195.27,2781,1,223.64,52.5,15,,0,0
500310,176.66,1491,2,147.33,25.7,7,3.0,0,0
500311,218.58,458,1,33.5,9.8,15,5.0,0,0
500312,264.99,1538,0,207.64,4.8,1,1.0,0,0
500313,255.71,1447,2,196.43,,7,8.0,0,0
500314,644.8,1780,8,178.79,4.9,22,,0,0
500315,124.38,1299,3,185.59,93.4,17,3.0,0,0
500316,108.14,1596,2,102.59,16.5,22,2.0,0,0
500317,193.43,974,2,124.75,18.6,16,4.0,0,0
500318,298.25,2718,2,88.32,45.9,4,8.0,0,0
500319,25.81,1613,2,19.19,3.8,11,5.0,0,0
500320,63.87,933,3,145.62,19.1,21,6.0,0,0
500321,77.77,9,4,26.06,23.9,16,5.0,0,0
500322,134.38,2036,4,41.92,5.1,12,3.0,1,1
500323,85.04,1141,4,62.09,9.0,20,7.0,0,0
500324,267.91,747,3,107.47,13.2,2,,1,0
500325,149.18,1438,3,321.6,54.1,23,7.0,1,0
500326,115.29,1455,5,61.65,71.8,3,8.0,0,0
500327,177.83,2410,0,339.01,35.4,23,1.0,0,0
500328,17.93,1628,1,192.6,22.2,19,2.0,0,0
500329,171.52,2103,6,133.06,63.6,11,7.0,0,0
500330,57.96,1941,6,56.03,48.6,11,,0,0
500331,235.15,2549,2,108.65,114.8,0,,0,0
500332,21.81,19,0,115.32,2.9,7,2.0,0,0
500333,186.58,1129,4,164.88,24.6,5,5.0,0,0
500334,59.43,2146,4,58.56,13.9,16,6.0,0,0
500335,302.41,423,3,196.66,3.8,4,3.0,0,0
500336,28.25,1326,2,99.53,24.8,19,7.0,1,1
500337,130.6,1203,2,145.3,106.3,7,8.0,0,0
500338,211.35,2417,4,93.47,7.3,20,,1,0
500339,164.25,2889,1,242.87,146.4,8,,0,0
500340,163.46,319,3,44.27,49.5,18,6.0,0,0
500341,39.39,643,4,127.41,,16,3.0,0,0
500342,36.82,2322,3,32.8,65.2,23,7.0,1,1
500343,158.79,525,1,153.79,35.6,12,3.0,0,0
500344,140.97,1491,2,41.05,16.3,8,3.0,0,0
500345,50.59,2833,5,84.44,4.9,15,6.0,0,0
500346,47.86,2925,1,76.78,7.4,0,1.0,1,1
500347,116.72,2849,1,394.4,,23,8.0,0,0
500348,92.57,404,3,57.47,17.0,16,4.0,0,0
500349,435.49,448,4,197.72,8.5,1,,0,0
500350,314.86,528,2,8.05,30.6,4,6.0,0,0
500351,229.1,2308,2,107.7,33.8,0,8.0,0,0
500352,341.67,537,5,250.05,46.1,16,7.0,0,0
500353,72.92,1289,3,20.49,10.7,15,4.0,0,0
500354,82.69,2455,3,191.84,22.2,3,6.0,0,0
500355,283.97,1477,3,94.05,11.1,13,4.0,0,0
500356,130.29,2821,6,11.83,6.0,11,5.0,0,0
500357,136.54,1496,2,210.86,,11,6.0,1,1
500358,44.8,1139,1,159.05,54.2,14,5.0,0,0
500359,275.0,2905,3,50.73,3.1,20,1.0,0,0
500360,193.13,1641,1,165.9,25.9,21,1.0,1,1
500361,101.59,554,4,22.29,63.9,3,,0,0
500362,83.22,1903,1,65.29,47.4,22,1.0,0,0
500363,306.05,2319,6,105.66,9.5,13,6.0,0,0
500364,73.7,2515,4,101.57,,4,2.0,0,0
500365,31.97,18,1,142.16,63.9,22,2.0,0,0
500366,317.97,326,2,388.03,32.8,8,3.0,1,1
500367,322.37,1886,1,121.22,19.2,10,2.0,0,0
500368,73.45,2225,1,123.63,9.3,23,7.0,1,0
500369,492.53,1958,3,224.18,24.7,13,1.0,0,0
500370,119.01,1149,1,101.07,77.3,3,2.0,0,0
500371,74.17,2261,4,16.94,9.7,1,2.0,1,1
500372,188.59,1738,3,112.46,82.6,19,1.0,0,0
500373,38.39,2777,3,14.49,45.5,8,3.0,1,0
500374,56.06,1103,3,210.04,24.7,2,2.0,0,0
500375,159.54,2261,2,104.7,64.4,0,3.0,0,0
500376,138.92,432,3,138.01,24.0,22,2.0,0,0
500377,245.43,2196,4,45.0,20.7,13,8.0,0,0
500378,44.31,2195,2,47.04,55.2,12,7.0,0,0
500379,437.53,762,4,157.64,25.6,14,6.0,0,0
500380,91.1,185,2,84.3,,10,5.0,1,1
500381,135.11,2978,3,57.83,13.6,22,6.0,0,0
500382,87.66,230,8,249.96,20.3,14,8.0,0,0
500383,38.07,1405,2,114.64,90.3,15,2.0,0,0
500384,124.05,4,8,64.76,0.7,21,5.0,0,0
500385,209.31,1252,4,119.84,9.4,0,2.0,0,0
500386,109.86,2463,4,74.5,11.5,7,4.0,0,0
500387,61.93,1506,1,148.28,22.3,19,8.0,0,0
500388,251.19,719,7,42.62,19.0,2,6.0,0,0
500389,257.88,1182,3,212.38,29.3,7,6.0,1,0
500390,105.32,277,3,74.44,1.5,3,1.0,1,1
500391,166.98,1781,2,31.7,28.9,17,7.0,0,0
500392,249.9,13,1,35.61,89.7,20,6.0,1,1
500393,207.62,1049,2,89.02,25.6,6,3.0,0,0
500394,163.51,183,3,58.17,19.7,16,3.0,0,0
500395,201.55,720,7,25.97,22.9,18,5.0,0,0
500396,175.51,203,1,27.49,17.2,21,,0,0
500397,129.62,2784,3,105.5,45.5,22,5.0,1,1
500398,43.43,2316,5,124.84,33.2,10,7.0,1,0
500399,53.95,2783,0,111.06,31.2,1,2.0,0,0
500400,181.08,2049,3,245.1,64.4,17,6.0,0,0
500401,86.93,1489,1,137.99,45.9,13,7.0,1,1
500402,176.35,522,1,64.12,0.7,11,6.0,0,0
500403,42.32,2886,4,554.32,16.8,12,3.0,0,0
500404,67.16,2752,0,48.91,5.6,15,4.0,0,0
500405,109.86,1247,7,22.87,11.1,6,4.0,0,0
500406,11.4,677,3,163.58,13.9,7,3.0,0,0
500407,59.61,1162,1,322.83,10.7,8,2.0,0,0
500408,74.99,1182,3,187.57,47.6,11,2.0,0,0
500409,146.62,2750,1,85.06,41.5,16,6.0,0,0
500410,104.59,201,2,53.68,16.8,1,2.0,0,0
500411,152.54,1899,7,155.65,40.2,7,7.0,0,0
500412,133.19,2305,1,88.75,36.0,17,7.0,0,0
500413,101.19,2287,0,81.34,27.5,0,4.0,0,0
500414,75.42,580,5,258.38,21.6,19,3.0,0,0
500415,136.64,1238,2,17.59,51.6,18,8.0,0,0
500416,298.6,1026,6,133.09,24.0,7,,0,0
500417,75.04,1221,4,57.07,30.4,15,,0,0
500418,425.72,262,3,102.12,28.6,11,6.0,0,0
500419,138.6,250,5,47.56,14.4,6,7.0,0,0
500420,236.83,73,1,88.8,13.6,3,4.0,0,0
500421,168.35,2900,5,436.73,20.2,23,6.0,0,0
500422,186.68,1250,4,175.52,46.9,20,2.0,0,0
500423,59.2,684,3,155.55,22.3,21,8.0,0,0
500424,86.3,2393,2,104.27,2.2,3,5.0,0,0
500425,25.16,1483,4,97.38,,23,6.0,0,0
500426,107.89,1094,2,109.56,,15,,0,0
500427,199.36,344,5,144.38,10.5,12,4.0,0,0
500428,108.52,1158,3,177.79,43.4,8,6.0,0,0
500429,245.98,1941,2,348.7,43.1,5,4.0,0,0
500430,93.36,1870,4,84.79,27.7,7,8.0,0,0
500431,71.07,1173,2,254.19,18.9,4,7.0,1,1
500432,83.27,1839,2,351.23,15.7,18,2.0,0,0
500433,213.17,2303,2,187.2,5.7,22,7.0,0,0
500434,365.37,2790,3,96.11,0.7,23,4.0,0,0
500435,454.65,1585,4,188.05,16.8,21,5.0,0,0
500436,197.66,684,1,24.71,17.2,3,4.0,1,1
500437,238.13,389,5,312.54,9.7,17,,0,0
500438,31.83,473,0,199.56,64.1,20,4.0,0,0
500439,41.46,33,0,93.08,14.5,12,4.0,0,0
500440,61.51,1674,4,87.85,27.4,13,,1,1
500441,310.93,638,0,30.93,32.6,9,2.0,1,0
500442,307.93,679,3,220.64,36.5,19,4.0,0,0
500443,522.78,2173,2,89.37,,16,1.0,0,0
500444,60.28,959,1,330.72,18.4,15,1.0,0,0
500445,118.2,2485,1,24.31,25.1,0,6.0,1,0
500446,24.97,411,6,48.38,,23,3.0,0,0
500447,35.31,1024,4,43.59,,12,6.0,0,0
500448,100.87,155,0,7.19,120.0,22,7.0,1,1
500449,62.68,1608,1,164.01,31.8,16,6.0,0,0
500450,63.35,375,2,37.31,31.5,12,4.0,0,0
500451,77.98,720,1,48.57,56.2,18,5.0,0,0
500452,335.09,2206,6,39.44,47.1,5,7.0,0,0
500453,269.91,2641,1,75.49,,10,3.0,0,0
500454,53.36,1636,3,287.66,85.4,0,4.0,0,0
500455,264.78,2895,3,144.38,13.5,17,2.0,1,1
500456,67.21,2270,3,118.31,43.7,7,2.0,0,0
500457,31.39,2259,6,102.31,18.2,2,1.0,1,1
500458,75.65,2971,1,66.04,35.0,19,1.0,0,0
500459,157.24,267,4,66.86,16.5,5,2.0,0,0
500460,58.99,697,0,114.03,83.3,5,7.0,0,0
500461,195.09,1311,1,266.69,58.4,3,,0,0
500462,80.21,1855,2,62.14,33.5,14,1.0,0,0
500463,165.68,2971,2,203.88,47.7,8,7.0,0,0
500464,52.78,297,3,41.06,,13,7.0,1,1
500465,127.29,688,7,163.12,4.5,8,8.0,0,0
500466,60.63,895,4,259.69,12.9,18,8.0,1,1
500467,103.24,2011,4,96.33,81.5,8,1.0,0,0
500468,429.96,2855,2,66.45,16.5,19,5.0,0,0
500469,89.27,2815,7,162.69,50.2,11,7.0,0,0
500470,40.57,2243,2,308.74,19.9,0,2.0,0,0
500471,133.49,2319,5,197.65,21.0,10,5.0,1,1
500472,135.22,1247,4,336.88,16.7,5,1.0,0,0
500473,134.56,1826,5,103.62,15.6,11,3.0,0,0
500474,187.1,513,3,98.81,47.4,2,8.0,0,0
500475,85.84,1520,7,27.1,15.9,18,6.0,1,1
500476,200.38,878,2,64.11,15.4,14,3.0,0,0
500477,123.35,2786,7,93.28,24.4,3,8.0,0,0
500478,38.34,1103,7,100.57,,23,2.0,0,0
500479,220.57,1184,1,160.58,10.7,8,,0,0
500480,143.24,1208,4,69.7,43.3,5,4.0,0,0
500481,192.98,2703,5,73.14,29.5,0,6.0,0,0
500482,42.87,2797,2,375.26,14.9,5,3.0,0,0
500483,229.76,1293,1,7.61,,0,3.0,0,0
500484,505.68,2987,1,11.16,57.1,11,6.0,0,0
500485,39.81,2269,4,47.14,6.5,14,2.0,0,0
500486,252.45,2539,0,10.44,38.8,8,2.0,0,0
500487,143.69,2747,2,13.71,2.1,21,2.0,0,0
500488,124.35,998,3,76.93,,23,3.0,0,0
500489,231.61,1652,4,129.78,27.3,7,1.0,0,0
500490,214.31,855,2,74.53,5.2,15,1.0,0,0
500491,296.37,930,2,135.5,,9,6.0,0,0
500492,44.48,1393,2,178.49,28.1,6,5.0,0,0
500493,304.19,153,2,119.13,5.5,5,2.0,0,0
500494,164.48,646,2,135.23,66.7,12,3.0,1,1
500495,25.78,2427,1,82.36,15.1,3,6.0,0,0
500496,89.95,498,5,69.58,75.6,16,7.0,0,0
500497,146.16,1866,3,9.24,63.6,21,,0,0
500498,88.35,2297,1,184.9,21.8,8,2.0,1,1
500499,112.78,789,3,115.17,28.9,13,7.0,0,0
500500,78.41,1375,6,127.95,7.9,23,4.0,0,0
500501,682.17,2632,2,25.72,16.4,16,3.0,1,1
500502,202.68,2506,0,49.76,74.2,9,5.0,0,0
500503,132.97,2760,2,78.87,49.6,21,1.0,0,0
500504,51.68,1885,5,37.05,19.4,1,4.0,1,1
500505,296.91,2661,6,117.79,29.1,14,4.0,0,0
500506,184.27,1195,3,111.81,12.5,6,5.0,1,1
500507,56.69,1804,2,106.59,17.9,4,2.0,0,0
500508,57.05,2002,2,182.98,38.3,12,1.0,0,0
500509,114.94,2929,2,119.84,17.9,17,,0,0
500510,133.99,1105,6,245.59,43.4,17,8.0,0,0
500511,199.29,2624,2,122.88,5.5,17,5.0,0,0
500512,120.94,1528,3,58.81,37.9,6,,0,0
500513,211.43,313,1,99.16,9.0,9,6.0,0,0
500514,88.42,1966,3,4.8,21.3,2,5.0,0,0
500515,121.19,2943,0,129.04,11.8,14,2.0,0,0
500516,304.42,1360,3,51.11,38.0,19,8.0,0,0
500517,218.21,1646,2,109.84,6.2,11,,1,1
500518,126.83,2781,3,58.09,43.8,7,6.0,1,1
500519,160.21,2760,3,37.08,24.1,7,7.0,0,0
500520,121.61,1200,6,297.78,19.6,15,6.0,0,0
500521,35.67,2281,4,57.16,13.5,16,8.0,0,0
500522,376.15,1893,4,48.63,16.2,11,,0,0
500523,60.1,1943,3,165.32,62.5,5,,0,0
500524,94.04,2161,3,76.9,13.2,9,1.0,1,1
500525,606.67,980,1,53.59,62.9,7,5.0,0,0
500526,49.83,915,3,168.59,78.7,2,2.0,1,1
500527,116.24,82,3,96.9,19.2,9,,1,1
500528,318.1,2569,1,184.39,4.5,20,3.0,0,0
500529,431.37,830,5,251.45,51.4,14,2.0,1,1
500530,182.4,2023,5,75.35,51.0,3,7.0,0,0
500531,298.78,2057,4,158.98,63.5,20,,0,0
500532,107.17,2110,5,259.32,22.7,5,2.0,0,0
500533,6.21,2589,3,306.08,31.7,14,2.0,1,1
500534,280.78,2603,4,63.14,16.0,13,,0,0
500535,124.6,8,2,202.95,,17,6.0,0,0
500536,97.48,2520,4,11.35,30.3,18,8.0,0,0
500537,90.59,624,2,121.64,54.9,7,2.0,0,0
500538,208.5,1936,8,29.29,45.9,18,4.0,0,0
500539,206.77,2019,4,75.36,25.1,14,6.0,0,0
500540,127.43,162,8,396.83,,8,4.0,0,0
500541,176.09,851,3,186.93,6.4,2,7.0,0,0
500542,48.91,2730,5,30.0,,13,7.0,0,0
500543,108.44,425,3,39.99,7.3,11,6.0,1,1
500544,51.02,696,5,216.81,23.3,11,6.0,1,1
500545,49.43,246,2,212.02,29.9,16,4.0,0,0
500546,164.02,501,4,219.73,30.9,17,4.0,1,0
500547,132.72,1913,3,121.22,54.0,4,5.0,0,0
500548,88.57,2524,0,186.35,,7,1.0,0,0
500549,104.21,1784,3,78.24,32.6,21,5.0,0,0
500550,174.24,854,5,75.49,42.9,14,1.0,0,0
500551,211.55,2575,2,116.31,60.1,10,,0,0
500552,187.88,1102,2,52.78,19.0,23,,0,0
500553,24.51,945,4,45.6,27.6,16,,0,0
500554,10.5,1517,3,151.97,24.5,20,3.0,0,0
500555,65.25,411,2,161.55,41.3,11,5.0,0,0
500556,10.7,1069,1,46.6,41.5,3,6.0,1,1
500557,346.94,2397,3,63.46,18.3,17,6.0,0,0
500558,101.45,1825,4,137.06,24.0,19,8.0,0,0
500559,38.08,2964,3,128.93,25.6,14,2.0,0,0
500560,100.5,2327,1,121.33,8.7,10,1.0,0,0
500561,18.51,1081,8,48.65,34.1,2,6.0,1,0
500562,38.96,2300,5,432.04,33.1,5,2.0,0,0
500563,94.52,2596,3,70.15,8.8,22,2.0,0,0
500564,82.1,1892,2,141.12,36.0,4,3.0,0,0
500565,93.89,2287,2,36.92,141.8,15,6.0,0,0
500566,178.31,1510,1,96.94,11.8,15,1.0,0,0
500567,249.27,2734,2,45.63,8.7,11,4.0,0,0
500568,139.23,713,1,67.85,42.5,23,1.0,0,0
500569,258.54,1273,0,122.98,18.2,16,,0,0
500570,83.69,762,4,242.7,54.2,23,7.0,0,0
500571,283.11,304,7,62.16,23.1,6,1.0,0,0
500572,140.92,1848,4,118.66,14.3,17,3.0,0,0
500573,234.43,355,2,139.81,22.7,18,4.0,0,0
500574,85.12,679,3,166.73,41.5,22,,0,0
500575,136.11,2289,4,16.05,40.4,9,,1,1
500576,469.89,723,4,183.94,5.6,7,4.0,0,0
500577,135.33,2590,0,140.95,41.4,19,7.0,1,1
500578,247.75,148,4,121.19,26.3,17,,0,0
500579,269.31,1371,3,56.07,28.2,6,,1,1
500580,198.4,202,2,129.22,34.2,7,4.0,0,0
500581,223.91,179,4,357.81,8.6,18,4.0,0,0
500582,85.33,2373,2,224.79,5.4,13,3.0,0,0
500583,63.38,201,3,75.06,5.9,21,1.0,0,0
500584,51.71,2676,3,119.89,51.6,15,,1,1
500585,172.26,1796,4,122.62,51.3,23,,1,1
500586,132.38,1448,3,84.08,1.2,7,,0,0
500587,163.64,2755,6,31.02,24.0,18,3.0,0,0
500588,43.9,1163,1,76.09,15.5,4,7.0,1,1
500589,72.42,1199,1,148.4,9.8,16,5.0,0,0
500590,242.99,1230,5,74.73,59.6,10,1.0,0,0
500591,148.35,1952,4,96.89,68.7,12,2.0,1,1
500592,141.7,2541,4,244.67,29.4,19,4.0,0,0
500593,107.8,1626,2,97.36,14.7,2,3.0,0,0
500594,66.86,843,5,102.15,17.3,5,8.0,0,0
500595,289.56,2669,8,112.17,8.1,13,1.0,1,1
500596,322.82,1797,7,69.39,17.0,9,1.0,0,0
500597,136.63,2497,3,187.98,11.2,13,5.0,0,0
500598,116.72,1297,2,37.03,65.4,10,8.0,0,0
500599,338.83,598,0,69.1,3.2,1,1.0,1,1
500600,74.26,2833,5,120.35,47.2,22,7.0,0,0
500601,89.88,2032,4,78.42,10.4,16,8.0,0,0
500602,235.1,924,4,287.58,41.1,14,4.0,0,0
500603,88.65,2542,3,102.9,21.9,3,4.0,0,0
500604,130.77,28,2,100.79,47.7,4,8.0,0,0
500605,14.19,2790,5,46.49,6.2,14,6.0,0,0
500606,328.04,1736,5,79.7,14.0,1,5.0,0,0
500607,221.43,1770,1,182.38,18.3,11,3.0,0,0
500608,275.95,41,3,58.48,26.1,21,8.0,0,0
500609,58.39,528,3,20.65,25.7,21,3.0,0,0
500610,376.5,2162,2,90.54,8.0,12,,0,0
500611,121.66,1675,8,106.53,5.7,5,7.0,0,0
500612,292.47,383,5,72.87,19.4,1,5.0,0,0
500613,168.87,1997,4,247.12,23.2,4,7.0,0,0
500614,228.64,2239,3,396.18,18.4,6,8.0,0,0
500615,178.42,818,3,119.77,3.2,13,6.0,0,0
500616,88.09,2068,3,79.06,,17,2.0,0,0
500617,28.55,2919,4,148.46,35.6,11,7.0,0,0
500618,307.95,1447,3,248.26,29.3,19,5.0,0,0
500619,7.14,688,7,62.28,21.2,3,2.0,0,0
500620,246.52,2885,3,175.81,27.3,10,1.0,1,1
500621,307.68,2734,5,90.47,11.6,14,8.0,0,0
500622,36.57,1371,1,215.73,59.6,1,1.0,1,1
500623,92.2,1276,1,46.51,,21,,1,1
500624,32.48,2501,6,269.01,36.5,23,8.0,0,0
500625,77.49,2,3,122.65,20.4,17,7.0,0,0
500626,272.87,937,3,148.14,49.4,16,7.0,0,0
500627,226.82,1630,5,40.15,14.9,5,6.0,0,0
500628,205.81,1962,0,39.09,49.7,4,,0,0
500629,92.74,1885,1,131.72,65.5,5,3.0,0,0
500630,8.42,1112,1,151.36,10.7,3,8.0,0,0
500631,42.04,2608,2,84.57,45.7,13,5.0,0,0
500632,107.8,1949,1,162.58,76.6,22,4.0,0,0
500633,51.38,1622,1,39.9,31.3,16,8.0,0,0
500634,248.36,2816,3,28.9,56.7,21,3.0,0,0
500635,384.47,283,3,112.7,66.6,23,1.0,0,0
500636,167.91,2129,5,38.54,50.9,15,5.0,0,0
500637,36.11,2780,1,21.25,11.9,2,4.0,0,0
500638,315.66,1985,3,49.81,34.8,22,5.0,0,0
500639,141.79,1696,3,147.68,38.4,13,5.0,0,0
500640,127.55,1093,0,120.8,2.6,13,6.0,1,0
500641,193.67,815,5,250.38,22.0,23,3.0,0,0
500642,43.82,1638,0,126.76,27.5,16,3.0,0,0
500643,94.02,2696,2,41.35,36.1,2,3.0,0,0
500644,120.84,1387,2,154.64,8.9,18,8.0,0,0
500645,157.39,363,4,60.87,,23,6.0,0,0
500646,169.43,1451,4,83.32,29.3,5,4.0,0,0
500647,193.42,293,1,61.82,16.8,11,8.0,0,0
500648,79.3,2808,2,36.27,2.5,2,7.0,0,0
500649,22.75,1605,0,534.46,61.7,17,5.0,1,1
500650,106.93,642,5,53.29,97.1,3,7.0,0,0
500651,117.83,1875,2,18.34,,10,,1,1
500652,21.6,1613,5,167.66,33.2,15,5.0,0,0
500653,75.64,1533,7,13.34,23.4,20,,1,1
500654,146.84,1776,3,91.02,5.8,7,4.0,0,0
500655,86.05,2787,2,185.51,3.7,21,2.0,0,0
500656,142.38,2568,2,31.96,58.2,0,6.0,0,0
500657,82.93,789,2,103.04,89.5,3,1.0,0,0
500658,203.78,720,3,80.66,35.3,2,,0,0
500659,55.25,2970,2,52.51,16.6,17,,0,0
500660,128.8,1935,3,250.86,20.4,8,4.0,0,0
500661,133.67,59,2,80.1,39.5,0,6.0,0,0
500662,241.68,1589,4,165.29,55.9,18,5.0,0,0
500663,98.13,356,7,196.5,23.8,6,,0,0
500664,380.85,90,4,87.98,18.0,16,7.0,0,0
500665,371.12,557,2,42.14,8.8,13,4.0,0,0
500666,58.64,764,6,199.75,14.8,2,2.0,0,0
500667,125.9,239,5,91.17,37.6,14,,0,0
500668,39.94,2506,7,98.93,30.9,20,4.0,0,0
500669,182.69,1315,4,76.13,28.8,8,6.0,0,0
500670,85.05,1656,3,194.81,9.2,20,7.0,0,0
500671,140.31,2596,6,37.57,19.5,6,6.0,0,0
500672,104.69,2511,3,99.9,46.2,6,8.0,0,0
500673,665.65,2462,2,43.06,72.2,4,,0,0
500674,114.6,589,3,75.91,,5,4.0,0,0
500675,106.74,2234,3,213.16,55.7,5,8.0,0,0
500676,252.83,2987,3,211.35,,15,5.0,0,0
500677,278.38,23,2,85.37,63.2,3,6.0,0,0
500678,156.05,2604,2,126.69,34.9,13,3.0,0,0
500679,283.75,2597,4,124.92,29.0,6,8.0,1,0
500680,593.56,2524,4,43.22,31.5,3,8.0,0,0
500681,100.27,1190,1,150.41,82.8,19,,0,0
500682,44.72,597,1,47.39,15.9,12,4.0,0,0
500683,172.52,2195,2,72.36,31.6,6,7.0,0,0
500684,265.61,1869,3,19.19,21.7,15,6.0,0,0
500685,360.18,2181,1,168.84,9.7,21,1.0,1,1
500686,195.74,768,4,195.47,4.6,6,8.0,0,0
500687,131.27,533,4,130.09,9.6,5,5.0,0,0
500688,66.68,2704,7,103.48,12.4,16,5.0,0,0
500689,308.82,1546,4,69.3,22.6,11,4.0,0,0
500690,162.15,2554,2,171.86,55.7,16,7.0,0,0
500691,23.41,2778,1,291.44,9.6,4,1.0,0,0
500692,469.18,1378,4,53.28,12.1,22,4.0,0,0
500693,47.41,789,4,86.99,,0,5.0,1,0
500694,269.09,2687,2,40.91,16.4,6,2.0,1,1
500695,152.38,2145,1,103.92,13.7,15,,0,0
500696,25.49,1998,5,75.26,14.2,12,5.0,0,0
500697,119.73,2874,2,91.95,27.1,8,5.0,0,0
500698,100.5,739,5,173.42,22.8,23,7.0,0,0
500699,32.45,1082,2,208.05,12.7,8,7.0,0,0
500700,182.35,118,6,35.33,17.3,16,1.0,0,0
500701,243.22,1163,1,123.97,47.3,9,4.0,0,0
500702,126.32,1340,1,251.44,30.2,10,7.0,0,0
500703,98.32,1358,5,143.96,67.2,18,8.0,0,0
500704,192.56,453,4,44.06,19.1,8,1.0,1,0
500705,4.61,2427,2,201.79,47.2,9,7.0,0,0
500706,89.44,1468,2,151.1,48.5,18,2.0,0,0
500707,95.05,1318,5,140.85,12.0,2,7.0,0,0
500708,129.52,2591,1,85.05,,10,,0,0
500709,30.34,1459,3,134.83,25.5,6,1.0,1,1
500710,16.6,2676,2,514.11,2.9,11,,0,0
500711,51.87,667,2,15.81,4.9,13,8.0,0,0
500712,180.28,2552,6,71.74,28.0,10,7.0,0,0
500713,93.72,2965,2,77.48,2.3,23,1.0,0,0
500714,51.55,2251,4,6.24,24.9,21,8.0,0,0
500715,421.28,2677,1,365.39,1.0,3,,0,0
500716,98.25,2220,4,40.88,8.0,15,5.0,0,0
500717,130.13,1801,2,38.6,24.8,7,1.0,0,0
500718,305.63,2291,2,24.41,21.2,17,4.0,0,0
500719,144.99,2881,0,71.09,21.2,11,2.0,0,0
500720,191.17,1815,5,140.42,,22,,0,0
500721,63.78,2061,1,98.02,52.7,22,3.0,1,0
500722,135.62,238,3,46.45,57.0,1,,0,0
500723,385.85,2877,2,135.01,86.9,2,6.0,0,0
500724,173.9,2333,1,98.93,1.2,0,2.0,0,0
500725,155.88,485,2,231.9,11.1,19,8.0,0,0
500726,106.35,869,3,58.92,7.4,5,6.0,0,0
500727,39.36,677,2,54.39,89.0,17,6.0,0,0
500728,283.36,959,2,179.25,25.3,7,,1,0
500729,122.27,2655,5,39.51,22.2,7,6.0,0,0
500730,72.16,1393,3,23.62,15.5,14,,0,0
500731,35.18,1260,2,96.56,14.7,18,,0,0
500732,161.93,2337,3,143.66,14.6,13,6.0,0,0
500733,45.89,1114,1,21.8,15.9,13,,0,0
500734,285.08,2657,2,192.98,14.4,17,7.0,0,0
500735,75.93,2263,4,19.49,73.9,4,4.0,0,0
500736,137.91,771,5,61.62,,14,,0,0
500737,171.39,1891,4,98.58,,6,8.0,1,1
500738,157.11,1448,3,247.12,2.7,3,6.0,0,0
500739,243.79,1032,5,257.31,12.6,7,7.0,0,0
500740,82.13,2719,0,113.11,1.8,4,8.0,0,0
500741,130.83,1194,1,70.43,109.6,7,3.0,0,0
500742,198.77,351,3,74.0,32.7,0,3.0,0,0
500743,361.07,1225,1,341.96,46.1,17,3.0,1,0
500744,231.71,1550,4,219.31,20.6,8,3.0,0,0
500745,262.76,379,7,130.83,22.3,15,6.0,0,0
500746,100.32,2228,6,115.77,61.7,17,4.0,0,0
500747,173.83,689,3,107.99,25.1,19,8.0,0,0
500748,326.18,278,6,14.93,,1,6.0,0,0
500749,125.82,1613,7,3.27,43.0,12,6.0,0,0
500750,174.59,483,5,82.88,38.9,10,8.0,0,0
500751,27.16,2345,4,35.14,24.3,8,,0,0
500752,212.72,206,3,116.82,15.2,19,,0,0
500753,154.64,1257,0,110.41,14.0,1,8.0,0,0
500754,202.77,156,3,23.04,57.6,7,8.0,0,0
500755,102.28,1150,4,118.57,26.5,19,3.0,0,0
500756,20.45,2799,3,123.61,10.8,9,2.0,0,0
500757,219.92,1951,4,121.09,50.4,1,5.0,1,0
500758,71.59,1605,3,59.48,23.9,4,8.0,0,0
500759,30.56,472,4,138.82,2.5,7,5.0,0,0
500760,146.77,939,2,145.4,11.6,5,5.0,0,0
500761,392.78,1142,4,137.93,24.0,16,2.0,1,1
500762,62.42,1736,2,79.74,3.5,4,,0,0
500763,74.16,625,2,269.83,31.4,18,7.0,0,0
500764,227.77,2999,2,232.95,36.2,7,,0,0
500765,110.14,1955,4,103.67,,1,3.0,0,0
500766,219.38,936,0,55.02,28.7,0,8.0,0,0
500767,105.45,337,7,49.59,12.3,14,6.0,0,0
500768,92.25,1785,8,147.62,,17,4.0,0,0
500769,65.2,1344,3,30.27,2.5,3,5.0,0,0
500770,164.94,2022,4,155.23,20.2,7,2.0,0,0
500771,64.83,1788,1,26.12,20.1,18,7.0,0,0
500772,87.69,1921,3,91.06,3.3,20,6.0,0,0
500773,281.94,2501,2,146.85,30.7,17,5.0,1,1
500774,507.35,1576,1,51.52,15.4,14,5.0,0,0
500775,180.55,2173,4,190.46,8.2,17,,1,1
500776,289.51,1077,3,72.41,5.8,7,4.0,0,0
500777,96.63,2828,7,97.79,74.4,1,2.0,0,0
500778,107.48,1224,2,11.76,2.1,13,4.0,0,0
500779,151.99,2039,2,25.35,90.2,13,7.0,0,0
500780,72.53,2995,4,12.97,8.8,19,1.0,0,0
500781,91.17,1048,4,166.55,96.7,5,,0,0
500782,214.09,305,3,69.65,2.9,21,7.0,0,0
500783,133.18,695,3,203.75,33.2,11,5.0,0,0
500784,116.68,732,4,7.51,63.7,10,1.0,0,0
500785,112.25,170,5,134.32,64.8,23,7.0,0,0
500786,52.24,1632,2,11.67,33.1,13,1.0,0,0
500787,147.78,833,3,46.36,29.1,2,4.0,0,0
500788,72.57,292,3,89.8,4.1,6,1.0,0,0
500789,26.86,411,7,67.83,,14,3.0,0,0
500790,45.51,820,5,121.13,58.9,5,4.0,0,0
500791,113.94,1108,9,59.12,24.5,3,3.0,0,0
500792,201.83,2923,4,82.03,28.2,7,8.0,0,0
500793,240.52,2108,2,39.03,152.8,12,5.0,0,0
500794,35.57,2144,1,152.48,4.7,2,3.0,0,0
500795,187.67,2076,2,106.76,33.9,12,3.0,0,0
500796,408.77,2409,1,133.23,49.6,17,4.0,0,0
500797,249.01,955,0,95.34,2.4,10,3.0,0,0
500798,143.53,299,4,172.24,2.8,16,7.0,1,1
500799,152.5,1526,3,60.08,10.8,15,2.0,0,0
500800,140.44,4,2,102.57,11.8,11,6.0,0,0
500801,85.78,651,4,555.35,10.0,23,4.0,1,1
500802,257.42,2259,5,32.97,12.3,14,3.0,0,0
500803,56.52,1509,4,211.57,12.7,19,4.0,0,0
500804,149.25,2072,4,399.41,24.1,15,1.0,0,0
500805,26.33,1530,1,142.77,8.5,23,5.0,0,0
500806,273.8,1628,3,4.39,17.9,10,6.0,0,0
500807,144.78,904,2,34.61,23.0,4,5.0,0,0
500808,32.92,656,4,122.2,15.5,4,,0,0
500809,338.09,779,4,96.37,33.8,23,5.0,0,0
500810,120.82,2394,5,277.49,71.2,19,,0,0
500811,40.99,2938,5,283.64,4.5,7,3.0,0,0
500812,433.28,246,0,90.71,7.7,10,,0,0
500813,105.67,1611,2,96.12,44.4,0,8.0,0,0
500814,66.17,1411,2,63.41,30.2,22,8.0,0,0
500815,154.78,1686,4,137.85,47.3,10,5.0,1,1
500816,45.84,699,3,44.06,42.0,9,2.0,0,0
500817,85.78,24,3,87.84,12.2,5,7.0,0,0
500818,311.62,610,1,47.08,75.5,1,,0,0
500819,107.74,546,3,116.05,76.9,18,5.0,0,0
500820,179.76,158,3,202.36,8.0,5,2.0,0,0
500821,321.18,1070,4,25.89,67.6,2,3.0,1,1
500822,105.06,2052,2,83.25,73.3,23,4.0,0,0
500823,63.71,2897,4,247.31,94.4,13,6.0,0,0
500824,204.52,1972,2,298.53,,1,8.0,0,0
500825,39.37,526,2,63.87,16.9,6,,0,0
500826,57.55,1087,5,49.12,11.3,13,5.0,0,0
500827,31.99,910,3,2.31,16.9,4,8.0,0,0
500828,305.61,637,3,217.91,5.4,23,1.0,0,0
500829,136.6,2970,1,208.25,34.5,21,5.0,0,0
500830,210.05,1967,3,106.36,20.0,21,7.0,0,0
500831,61.06,1443,4,428.8,4.1,12,1.0,0,0
500832,174.62,1310,5,96.32,11.6,23,6.0,1,1
500833,179.07,955,4,222.64,63.3,7,4.0,0,0
500834,431.8,1250,2,67.01,35.0,13,5.0,0,0
500835,197.39,1903,2,80.47,10.2,17,6.0,1,1
500836,240.12,2784,3,121.77,92.6,12,2.0,1,1
500837,144.91,1489,3,47.6,31.0,20,1.0,0,0
500838,5.89,555,6,181.87,6.2,2,3.0,1,0
500839,163.4,2872,2,109.31,17.0,10,3.0,0,0
500840,113.31,945,5,15.67,3.7,19,3.0,0,0
500841,108.96,250,0,226.29,75.4,4,8.0,0,0
500842,89.05,1632,7,44.01,48.6,9,6.0,0,0
500843,108.96,2371,2,48.1,10.7,23,3.0,0,0
500844,75.48,773,1,80.06,47.9,14,5.0,0,0
500845,224.34,837,3,140.63,30.2,8,,0,0
500846,52.89,868,6,127.6,66.6,8,2.0,0,0
500847,394.3,2420,3,278.92,0.8,4,1.0,1,0
500848,211.08,2872,6,122.84,44.1,17,4.0,1,1
500849,266.95,2543,2,23.52,22.2,2,,0,0
500850,56.54,679,3,38.64,5.6,4,5.0,0,0
500851,83.93,2547,5,21.41,52.3,2,5.0,0,0
500852,140.63,929,1,21.0,45.0,18,2.0,0,0
500853,130.47,2600,0,72.52,4.0,22,6.0,0,0
500854,211.46,2974,4,215.1,17.8,2,5.0,0,0
500855,130.88,2154,5,108.83,40.0,22,8.0,0,0
500856,408.5,2865,7,144.68,10.7,21,2.0,0,0
500857,57.66,428,3,179.7,11.1,12,1.0,0,0
500858,47.23,1964,3,225.93,57.4,0,4.0,0,0
500859,80.54,156,2,52.81,102.5,16,2.0,0,0
500860,109.14,1957,4,204.98,53.4,12,2.0,0,0
500861,283.23,1022,4,186.17,4.5,19,,0,0
500862,171.18,2909,3,70.03,0.1,7,6.0,1,1
500863,7.98,1485,2,49.82,6.7,13,4.0,1,0
500864,9.29,2287,1,86.93,43.7,21,7.0,0,0
500865,117.32,908,1,273.45,48.3,16,1.0,0,0
500866,91.96,225,2,223.25,,15,8.0,0,0
500867,120.05,2226,4,69.49,6.6,23,4.0,0,0
500868,109.2,665,9,209.33,17.6,11,5.0,0,0
500869,369.1,2167,0,162.04,2.3,4,7.0,0,0
500870,254.32,1394,1,141.49,32.0,23,4.0,0,0
500871,84.19,2915,3,258.48,,3,2.0,0,0
500872,129.0,1058,4,126.31,6.0,13,,0,0
500873,102.15,1202,5,103.71,54.2,18,,0,0
500874,15.48,2221,4,12.46,25.1,18,1.0,0,0
500875,87.54,2357,5,178.62,9.7,16,8.0,0,0
500876,88.55,378,5,46.14,33.2,10,6.0,0,0
500877,72.89,2223,4,39.66,120.7,4,5.0,1,0
500878,85.38,1474,4,106.47,2.6,0,3.0,0,0
500879,103.78,2966,2,38.84,127.5,7,7.0,0,0
500880,181.44,1893,6,134.19,24.8,23,1.0,0,0
500881,78.02,2321,3,117.58,40.5,16,6.0,0,0
500882,312.5,1032,2,109.91,,9,2.0,0,0
500883,57.04,851,1,86.96,10.1,11,3.0,0,0
500884,276.85,2355,4,174.62,15.7,8,1.0,0,0
500885,160.93,46,1,134.59,72.2,21,5.0,0,0
500886,43.36,1741,3,132.89,83.0,10,2.0,0,0
500887,101.64,2904,4,50.34,20.1,20,1.0,0,0
500888,378.56,2973,2,93.39,105.6,1,3.0,0,0
500889,58.04,2148,4,49.61,22.3,11,,0,0
500890,385.77,1492,2,92.27,49.8,14,8.0,0,0
500891,185.17,2438,1,56.52,11.1,16,7.0,1,1
500892,162.96,44,4,90.53,47.0,0,4.0,0,0
500893,177.45,2379,4,93.42,18.4,15,5.0,0,0
500894,99.56,570,2,90.53,147.3,20,7.0,0,0
500895,60.38,2207,2,177.38,35.0,2,4.0,0,0
500896,133.51,1044,3,147.86,96.4,7,,0,0
500897,167.34,2254,3,30.32,,10,6.0,0,0
500898,191.35,1810,0,83.11,25.2,6,6.0,0,0
500899,185.97,2788,3,109.74,28.9,10,8.0,0,0
500900,221.11,2362,2,54.47,115.4,21,4.0,0,0
500901,486.39,2742,1,117.73,14.9,21,1.0,0,0
500902,157.04,454,3,60.13,142.8,14,5.0,0,0
500903,301.47,1138,1,98.17,56.7,21,3.0,0,0
500904,196.42,1312,2,45.09,110.9,19,1.0,0,0
500905,520.79,93,3,90.14,6.7,1,2.0,1,1
500906,140.59,69,0,150.54,48.8,9,5.0,0,0
500907,129.12,117,2,165.39,74.7,20,8.0,0,0
500908,288.64,2301,1,99.62,76.3,10,3.0,0,0
500909,288.89,1340,1,352.76,48.7,14,5.0,1,1
500910,106.28,2255,4,126.31,17.0,9,2.0,0,0
500911,191.35,2505,3,168.84,15.8,0,2.0,1,1
500912,222.7,109,0,232.05,14.8,13,7.0,1,0
500913,213.96,2542,6,55.32,33.1,9,5.0,0,0
500914,177.65,677,3,149.49,28.5,18,2.0,0,0
500915,24.21,1213,1,116.78,17.8,21,5.0,0,0
500916,216.16,2888,3,153.3,20.8,2,5.0,0,0
500917,223.25,905,3,195.1,25.6,8,1.0,0,0
500918,182.87,2819,2,47.67,1.2,9,,0,0
500919,97.14,1520,5,343.18,18.7,16,7.0,0,0
500920,353.43,41,4,103.03,,9,3.0,0,0
500921,59.33,2497,3,76.96,6.2,13,6.0,0,0
500922,292.49,133,0,8.25,,21,5.0,0,0
500923,58.64,1909,2,221.74,18.4,14,1.0,0,0
500924,268.23,1375,4,185.99,34.5,2,,0,0
500925,61.11,420,3,85.36,36.4,11,8.0,1,0
500926,257.53,1544,5,16.64,40.9,21,6.0,0,0
500927,406.9,1087,3,106.28,36.4,11,2.0,0,0
500928,407.94,296,3,27.07,15.4,23,,0,0
500929,349.33,1666,1,206.61,6.8,21,1.0,0,0
500930,139.94,132,9,83.28,9.0,6,,0,0
500931,84.19,1615,3,44.12,22.8,9,4.0,0,0
500932,123.43,678,1,120.05,28.8,4,6.0,1,1
500933,277.53,2492,5,133.05,52.1,4,2.0,0,0
500934,213.77,2850,5,144.51,76.9,8,8.0,0,0
500935,552.0,2796,3,46.67,16.6,10,5.0,0,0
500936,91.28,2813,3,194.0,29.8,8,3.0,0,0
500937,425.53,302,4,84.83,42.6,17,3.0,0,0
500938,131.08,1529,2,11.63,25.6,3,6.0,0,0
500939,58.43,673,7,92.69,9.3,11,,0,0
500940,173.32,291,2,91.77,11.3,21,3.0,0,0
500941,209.92,1177,5,90.5,55.5,17,8.0,0,0
500942,327.76,1288,1,121.83,17.8,4,8.0,0,0
500943,90.97,889,2,295.5,19.7,5,3.0,0,0
500944,173.28,343,5,94.8,67.4,22,5.0,0,1
500945,141.82,1225,3,103.79,43.7,13,4.0,0,0
500946,105.99,466,6,64.04,,21,2.0,1,1
500947,396.81,123,1,94.62,39.2,20,3.0,0,0
500948,212.07,1354,1,146.76,41.6,10,1.0,0,0
500949,13.52,198,3,149.21,95.5,12,7.0,0,0
500950,175.36,2897,3,244.13,10.2,8,2.0,0,0
500951,30.82,2515,6,15.31,37.3,15,2.0,0,0
500952,162.77,2777,0,179.71,14.2,15,,0,0
500953,36.71,308,2,161.66,13.5,16,2.0,0,0
500954,212.77,1395,4,23.58,82.2,20,8.0,0,0
500955,30.32,2472,2,240.61,55.9,17,8.0,0,0
500956,61.48,1727,2,28.98,4.4,2,,0,0
500957,247.54,920,3,149.62,3.5,8,2.0,0,0
500958,139.96,2494,1,12.12,40.5,13,2.0,0,0
500959,40.25,928,3,43.78,21.4,15,7.0,0,0
500960,380.22,2921,5,152.79,8.7,20,4.0,0,0
500961,100.95,303,3,157.34,,9,,0,0
500962,115.02,2118,3,87.79,36.8,19,,0,0
500963,123.39,40,4,256.06,25.1,9,7.0,0,0
500964,225.31,2742,2,150.33,27.4,3,5.0,0,0
500965,107.36,1066,1,197.4,9.6,11,1.0,0,0
500966,127.23,62,0,90.89,36.5,3,1.0,0,0
500967,306.35,2506,2,38.1,107.4,9,8.0,0,0
500968,280.77,2902,1,37.72,5.7,5,1.0,0,0
500969,121.22,2759,6,75.86,54.3,0,3.0,0,0
500970,124.53,1457,2,45.6,7.4,15,1.0,0,0
500971,7.53,185,2,42.83,46.5,17,1.0,1,0
500972,160.63,684,1,19.36,20.9,3,7.0,0,0
500973,254.08,93,2,79.93,,14,7.0,0,0
500974,102.82,133,7,18.85,,12,,1,1
500975,342.76,477,3,78.6,28.4,3,2.0,0,0
500976,26.71,1689,3,13.83,51.3,14,2.0,1,1
500977,65.39,2299,5,72.72,29.4,6,3.0,0,1
500978,324.64,1754,2,146.65,43.3,19,7.0,1,1
500979,247.12,615,1,44.13,15.6,14,5.0,0,0
500980,24.9,1805,4,123.0,,2,4.0,1,1
500981,30.68,693,6,117.08,81.5,12,1.0,0,0
500982,215.14,1383,1,55.9,15.4,2,1.0,0,0
500983,184.4,2666,0,17.83,42.8,17,2.0,0,0
500984,113.5,404,3,180.44,11.3,7,2.0,0,0
500985,334.85,2624,3,55.52,,11,4.0,0,0
500986,80.47,813,4,279.05,4.5,16,7.0,0,0
500987,14.54,2011,2,174.16,35.1,20,4.0,0,0
500988,225.23,784,1,153.75,,12,3.0,0,0
500989,261.31,492,8,28.43,15.5,1,5.0,1,0
500990,84.54,1351,5,154.46,14.9,6,1.0,0,0
500991,49.7,1144,2,213.23,23.6,14,6.0,0,0
500992,15.51,1522,7,104.44,78.8,1,1.0,0,0
500993,137.91,709,3,124.43,31.2,8,3.0,0,0
500994,177.76,2935,2,147.31,3.4,7,8.0,0,0
500995,274.62,2015,2,230.01,31.1,7,4.0,0,0
500996,185.77,2521,7,132.91,59.2,22,6.0,0,0
500997,90.27,2340,4,143.95,10.0,22,3.0,0,0
500998,160.65,2172,4,119.88,29.5,21,7.0,0,0
500999,284.22,427,4,284.66,59.9,20,3.0,0,0
501000,176.05,1764,1,106.61,33.8,21,2.0,0,0
501001,256.4,2693,3,143.23,27.0,4,1.0,0,0
501002,52.04,289,2,239.57,17.9,9,3.0,0,0
501003,219.14,1389,5,68.9,20.9,1,5.0,0,0
501004,186.0,553,4,320.05,44.7,19,1.0,0,0
501005,106.49,2385,2,63.27,49.4,20,2.0,0,0
501006,287.84,2794,4,44.71,48.6,0,3.0,1,1
501007,482.36,155,4,146.32,11.8,4,6.0,0,0
501008,23.95,2404,3,60.59,0.4,4,5.0,0,0
501009,110.78,1082,5,275.93,15.9,22,1.0,0,0
501010,130.4,2891,5,388.32,53.4,18,1.0,0,0
501011,138.02,45,3,46.23,92.9,6,1.0,0,0
501012,82.14,575,2,42.36,8.0,1,3.0,0,0
501013,29.46,2155,5,40.58,42.7,9,3.0,0,0
501014,115.44,2335,6,11.6,12.7,14,1.0,0,0
501015,131.19,239,2,59.13,74.5,1,4.0,0,0
501016,107.65,481,0,206.93,52.7,11,5.0,0,0
501017,133.58,1015,1,151.69,,12,,0,0
501018,163.47,105,4,84.82,35.2,23,8.0,1,1
501019,118.88,2345,2,139.27,68.4,4,6.0,0,0
501020,81.33,2009,3,30.66,2.4,4,8.0,0,0
501021,134.18,2247,3,106.24,22.7,10,8.0,0,0
501022,172.85,1409,1,121.38,6.7,7,7.0,0,0
501023,143.38,1921,5,115.87,34.7,22,3.0,0,0
501024,503.71,1718,2,57.5,28.7,18,,0,0
501025,181.91,2082,2,55.63,32.9,6,1.0,0,0
501026,138.55,1352,2,161.89,5.5,8,7.0,0,0
501027,71.53,1954,4,154.69,59.6,15,7.0,0,0
501028,73.02,1936,6,12.44,46.6,20,3.0,0,0
501029,107.85,1924,3,12.14,15.4,4,6.0,1,0
501030,110.52,2617,1,368.7,49.7,7,4.0,0,0
501031,107.2,1049,7,124.3,0.9,14,1.0,0,0
501032,187.65,2636,2,116.15,7.0,20,6.0,0,0
501033,281.48,85,6,47.88,23.5,6,1.0,0,0
501034,225.79,1459,5,76.72,,11,2.0,0,0
501035,207.65,1326,3,61.64,71.7,16,4.0,1,1
501036,64.76,2604,3,208.02,44.0,10,1.0,0,0
501037,310.32,137,4,201.41,83.9,18,3.0,0,0
501038,70.19,651,4,125.83,4.3,12,7.0,0,0
501039,169.76,1407,6,111.84,18.1,21,5.0,0,0
501040,198.77,2446,3,142.29,6.5,14,1.0,0,0
501041,316.48,1392,2,110.64,33.1,22,2.0,1,1
501042,444.6,1917,6,162.0,4.4,20,8.0,0,0
501043,104.27,536,6,254.82,29.3,5,8.0,0,0
501044,159.56,2829,2,94.95,,21,8.0,1,1
501045,297.19,2353,1,48.64,50.2,3,5.0,1,1
501046,469.9,129,3,112.73,23.7,6,4.0,0,0
501047,113.4,2112,2,64.01,3.3,1,,1,1
501048,67.7,389,4,37.62,56.9,2,8.0,0,0
501049,40.18,1679,1,230.97,57.7,17,2.0,0,0
501050,25.3,2125,3,108.07,,2,8.0,0,0
501051,77.94,2777,4,76.21,15.1,4,5.0,0,0
501052,258.26,212,1,120.71,40.1,9,2.0,1,1
501053,268.68,862,0,68.17,61.8,19,7.0,0,0
501054,181.89,2071,2,235.83,21.5,19,1.0,0,0
501055,109.45,786,0,365.98,22.5,23,1.0,1,1
501056,188.05,2138,6,71.28,26.8,1,3.0,0,0
501057,145.07,551,2,91.44,48.5,3,5.0,0,0
501058,113.61,491,4,132.69,30.4,9,4.0,0,0
501059,175.88,1633,5,33.85,42.5,6,2.0,0,0
501060,105.71,2067,0,14.53,20.5,2,6.0,0,0
501061,175.26,616,2,218.06,20.0,12,4.0,0,0
501062,195.63,2621,1,74.82,43.8,11,1.0,0,0
501063,230.35,2606,1,69.64,13.1,10,7.0,1,1
501064,30.74,244,3,139.33,,0,3.0,1,0
501065,313.17,913,3,48.43,12.4,10,,0,0
501066,131.12,1668,2,68.38,19.2,10,3.0,0,0
501067,447.87,1473,4,34.44,25.2,5,7.0,1,1
501068,259.45,765,5,17.88,15.2,19,3.0,0,0
501069,69.45,1589,1,67.51,17.0,21,2.0,0,0
501070,210.05,2888,6,48.0,34.4,22,1.0,0,0
501071,297.9,923,5,42.65,10.9,16,7.0,0,0
501072,118.05,657,1,103.38,47.3,16,6.0,0,0
501073,64.97,2215,5,174.61,9.4,3,5.0,0,0
501074,55.7,1712,2,176.84,24.6,9,,0,0
501075,38.99,2076,2,171.89,23.1,0,,0,0
501076,16.67,1939,4,54.48,71.3,13,4.0,0,0
501077,133.09,2282,2,95.7,20.8,18,7.0,0,0
501078,58.34,2188,4,65.18,52.8,16,3.0,0,0
501079,84.64,1818,3,55.06,43.9,0,,0,0
501080,454.88,1364,3,58.02,14.3,13,7.0,0,0
501081,196.29,1381,3,39.5,66.6,21,1.0,0,0
501082,67.62,796,4,121.74,15.0,2,6.0,0,0
501083,595.16,1347,1,210.22,18.4,12,7.0,0,0
501084,174.25,1815,3,63.9,36.8,6,6.0,0,0
501085,561.32,2149,4,58.33,16.8,22,1.0,0,0
501086,384.75,2318,2,14.07,4.5,13,8.0,0,0
501087,178.68,1131,4,153.6,18.7,18,1.0,0,0
501088,132.26,2199,3,10.6,18.4,12,7.0,0,0
501089,255.84,1312,2,107.06,8.7,21,1.0,0,0
501090,167.72,1075,4,50.54,,6,4.0,0,0
501091,98.78,491,0,81.85,24.8,17,8.0,0,0
501092,93.89,798,4,111.62,34.6,10,3.0,0,0
501093,284.39,2039,4,106.67,7.0,13,1.0,0,0
501094,67.49,650,3,193.1,7.5,16,1.0,0,0
501095,281.67,231,3,11.27,48.5,4,3.0,0,0
501096,148.02,816,7,177.41,9.1,20,3.0,0,0
501097,32.09,2971,5,115.15,,17,,0,0
501098,297.18,450,1,206.96,20.1,9,4.0,0,0
501099,69.06,432,0,101.54,11.6,14,3.0,1,0
501100,77.42,1210,4,26.24,70.6,15,5.0,0,0
501101,122.38,1149,2,90.85,25.1,10,,0,0
501102,138.05,2760,1,150.4,13.5,15,3.0,0,0
501103,179.54,714,3,169.56,3.4,13,8.0,0,0
501104,286.75,1252,4,93.29,41.4,18,7.0,1,1
501105,280.24,872,2,84.75,9.0,5,7.0,0,0
501106,91.54,750,4,113.72,66.0,0,4.0,0,0
501107,94.02,968,3,188.97,22.7,9,8.0,0,0
501108,265.95,772,4,68.81,143.7,19,3.0,0,0
501109,58.71,2155,6,133.31,18.4,2,6.0,1,1
501110,147.95,2370,4,301.71,8.6,20,7.0,0,0
501111,365.96,531,5,434.39,25.6,9,3.0,0,0
501112,103.03,1488,1,188.22,13.0,5,5.0,1,0
501113,38.34,792,2,82.75,1.4,11,2.0,0,0
501114,69.08,2602,4,33.81,50.2,19,4.0,1,1
501115,73.01,304,0,128.3,31.7,20,5.0,0,0
501116,64.1,1228,5,258.35,10.6,14,6.0,0,0
501117,117.9,995,6,93.43,,12,3.0,0,0
501118,554.1,1091,3,203.32,7.9,19,6.0,0,0
501119,206.08,2823,3,192.45,24.4,21,6.0,0,0
501120,126.95,1622,3,101.29,102.3,19,7.0,1,0
501121,135.48,1140,5,180.79,19.7,23,1.0,0,0
501122,81.47,2424,6,37.48,3.1,19,5.0,0,0
501123,135.09,2332,3,86.14,8.9,1,6.0,0,0
501124,355.22,435,3,139.03,,0,4.0,1,1
501125,151.71,1385,2,99.46,10.9,14,3.0,0,0
501126,279.05,1236,3,41.07,5.5,22,5.0,1,0
501127,254.02,1349,3,180.92,20.4,7,4.0,0,0
501128,537.44,1047,1,137.81,8.9,23,4.0,0,0
501129,250.84,2472,2,114.6,28.6,20,8.0,0,0
501130,513.21,2987,1,232.69,,3,4.0,1,0
501131,293.49,81,4,183.51,37.5,11,,0,0
501132,179.6,2570,3,6.88,43.0,5,1.0,1,1
501133,75.63,2594,3,116.03,,1,1.0,0,0
501134,277.92,1097,2,113.41,49.4,16,5.0,1,0
501135,294.28,1456,2,76.96,16.6,5,2.0,0,0
501136,299.68,307,4,11.37,2.0,13,1.0,0,0
501137,6.41,1054,3,52.67,45.0,16,,0,0
501138,100.9,715,4,8.32,69.8,10,2.0,0,0
501139,204.19,2720,1,370.78,19.3,1,5.0,0,0
501140,107.15,322,1,99.79,51.6,1,1.0,0,0
501141,93.44,1020,0,144.39,20.7,9,8.0,0,0
501142,81.18,1443,0,40.47,13.2,1,,0,0
501143,33.15,2933,3,13.06,21.0,20,7.0,0,0
501144,196.44,2452,8,72.62,23.1,3,2.0,1,1
501145,88.17,2809,3,64.56,27.3,0,6.0,0,0
501146,103.18,931,2,120.55,17.4,3,1.0,0,0
501147,126.95,804,2,75.27,43.4,16,6.0,1,0
501148,219.67,1714,3,424.28,35.8,14,7.0,0,0
501149,176.09,1022,1,209.52,,16,3.0,0,0
501150,170.14,48,2,272.98,14.2,8,4.0,0,0
501151,13.53,2436,3,100.26,41.5,7,,1,1
501152,282.79,285,1,118.87,20.2,16,2.0,0,0
501153,429.85,587,6,256.44,11.0,2,5.0,0,0
501154,166.73,2829,2,70.6,19.6,9,3.0,0,0
501155,56.82,2196,3,139.12,4.2,2,2.0,0,0
501156,95.46,1927,2,75.28,62.6,10,6.0,0,0
501157,59.2,388,4,144.77,23.8,23,,0,0
501158,396.53,753,1,29.78,13.0,20,5.0,0,0
501159,102.73,617,3,61.97,3.9,16,5.0,0,0
501160,172.44,1924,3,120.77,87.2,15,5.0,0,0
501161,122.96,1502,3,131.51,3.4,9,2.0,0,0
501162,212.51,1082,3,169.02,32.8,16,2.0,0,0
501163,71.36,2237,5,35.63,17.5,20,6.0,1,1
501164,167.49,2334,3,117.29,19.6,13,5.0,0,0
501165,103.54,2218,3,21.74,21.8,2,2.0,1,1
501166,308.76,318,3,78.75,13.6,16,1.0,0,0
501167,15.39,1827,1,102.8,23.3,3,2.0,0,0
501168,112.89,630,2,91.38,26.5,7,5.0,0,0
501169,288.82,817,4,296.53,39.4,4,3.0,0,0
501170,266.04,2934,6,103.54,35.9,1,6.0,1,1
501171,35.75,1246,3,152.54,8.1,18,5.0,0,0
501172,246.15,2362,5,121.07,10.0,15,,0,0
501173,65.65,739,3,98.52,49.6,9,3.0,0,0
501174,83.66,2917,5,144.73,15.3,9,,0,0
501175,278.02,831,5,113.17,31.2,15,1.0,0,0
501176,111.04,546,2,105.99,58.0,12,,0,0
501177,33.28,970,1,84.57,24.5,5,4.0,0,0
501178,51.69,521,5,70.58,7.7,11,8.0,0,0
501179,149.28,1796,1,62.77,7.9,18,2.0,0,0
501180,108.14,432,3,106.15,17.4,13,3.0,0,0
501181,106.54,623,2,100.55,17.4,19,5.0,0,0
501182,209.88,2106,4,251.3,,12,3.0,0,0
501183,183.52,128,0,26.58,9.4,9,4.0,0,0
501184,114.39,1321,1,311.96,36.3,17,1.0,0,0
501185,269.15,2077,1,36.59,50.3,5,1.0,0,0
501186,211.16,1336,3,97.64,15.8,15,7.0,0,0
501187,175.64,66,3,132.51,33.9,15,2.0,0,0
501188,94.81,474,3,44.52,2.7,6,,0,0
501189,298.77,2912,3,35.78,4.6,6,3.0,1,1
501190,105.53,2316,2,89.4,,2,4.0,0,0
501191,113.36,1051,6,155.31,60.3,3,4.0,0,0
501192,402.51,2621,1,185.23,40.9,2,7.0,1,1
501193,68.84,20,3,30.96,37.5,14,7.0,0,0
501194,68.02,142,2,86.52,19.4,2,3.0,0,0
501195,116.85,2653,4,18.09,5.7,12,2.0,0,0
501196,56.35,2022,5,45.49,53.5,2,1.0,0,0
501197,57.71,1799,2,221.25,6.0,18,2.0,0,0
501198,394.76,1034,2,127.12,30.5,16,1.0,0,0
501199,115.37,2452,3,49.04,25.9,7,1.0,0,0
