Patient_ID,Age,BMI,BloodPressure,Cholesterol,Glucose,HeartRate,Exercise_Hours_Week,Income,Leakage_Feature,Disease
100000,23,32.2,123.2,195.6,108.4,71.8,0.4,50560.0,1,1
100001,69,24.7,103.2,178.6,60.0,72.5,3.6,49809.0,1,1
100002,61,27.8,141.9,280.5,80.4,84.9,1.7,31446.0,1,1
100003,47,15.0,132.1,196.9,130.1,87.3,3.4,39869.0,0,0
100004,47,20.2,121.4,254.1,102.0,68.3,1.9,53058.0,0,0
100005,75,24.5,83.5,193.2,64.6,68.3,3.1,41828.0,0,0
100006,23,20.6,105.2,209.1,158.9,78.8,2.6,40690.0,1,0
100007,64,29.6,130.3,153.8,99.3,90.3,7.5,73552.0,1,1
100008,31,36.0,138.2,184.4,109.6,86.5,5.7,,0,0
100009,24,,136.6,207.4,110.0,62.5,1.6,61206.0,0,0
100010,53,21.8,96.1,255.5,90.8,72.4,2.2,27680.0,0,0
100011,83,27.2,124.5,207.8,81.8,65.7,5.8,54822.0,0,0
100012,67,34.1,135.2,248.4,153.0,72.3,2.0,,1,1
100013,68,19.9,95.1,222.4,125.1,91.0,3.0,37345.0,0,0
100014,66,27.2,119.9,257.0,120.5,60.8,0.7,26738.0,0,0
100015,70,35.1,124.1,197.9,114.4,58.8,2.4,15444.0,0,0
100016,52,17.7,115.5,283.7,74.9,66.7,1.5,,0,0
100017,26,19.6,92.2,183.0,131.9,77.9,0.9,,0,0
100018,74,23.9,115.1,173.2,78.9,81.2,2.6,28836.0,0,1
100019,48,23.4,115.1,157.6,107.1,79.4,3.8,46454.0,0,0
100020,51,30.1,117.8,281.6,60.0,86.8,2.4,22854.0,0,0
100021,42,27.2,111.5,228.7,60.0,57.4,1.5,41492.0,0,0
100022,30,17.1,113.4,188.3,108.0,86.9,0.9,27794.0,1,1
100023,80,28.6,119.4,243.7,79.8,71.9,10.7,43830.0,0,0
100024,70,23.1,126.6,224.1,60.0,82.3,1.4,37484.0,0,0
100025,61,32.4,115.4,268.8,113.5,61.8,3.6,27145.0,0,0
100026,44,22.9,113.9,145.8,153.0,75.0,1.6,35117.0,0,0
100027,73,22.8,121.4,190.7,134.7,77.4,3.2,30988.0,0,0
100028,54,28.7,91.2,183.8,93.6,86.6,1.7,25291.0,0,0
100029,47,29.8,127.2,130.9,100.2,59.1,2.7,61241.0,0,0
100030,48,28.2,120.0,237.1,122.2,75.3,1.9,39597.0,1,1
100031,33,17.6,120.6,190.5,128.1,64.1,4.2,,0,0
100032,24,28.7,134.4,225.9,91.4,80.1,3.7,,0,0
100033,55,20.8,90.7,282.6,100.9,82.8,1.6,58721.0,1,0
100034,77,27.2,90.4,187.6,107.5,87.9,1.5,33580.0,0,0
100035,22,18.9,124.1,185.3,113.8,69.6,1.3,67466.0,0,0
100036,75,28.2,119.9,204.2,96.7,84.3,1.1,32150.0,0,0
100037,73,22.0,122.6,234.6,97.0,88.6,4.4,52551.0,0,0
100038,36,19.6,113.1,180.2,134.5,58.6,1.2,60550.0,0,0
100039,60,29.6,130.0,177.9,130.2,81.1,3.4,51753.0,0,0
100040,29,27.2,134.0,237.0,111.9,84.6,1.8,,0,0
100041,68,22.9,127.3,213.3,143.0,72.4,5.2,30863.0,0,0
100042,64,33.3,116.1,128.4,90.3,62.9,8.6,62551.0,0,0
100043,41,23.8,88.4,157.1,140.6,84.4,0.1,32931.0,0,0
100044,22,26.2,131.5,252.5,113.6,63.0,1.4,59635.0,0,0
100045,83,27.3,138.3,214.1,181.8,73.2,1.8,38546.0,0,0
100046,47,,129.7,173.3,70.2,74.6,2.3,47122.0,0,0
100047,77,28.4,106.8,194.0,82.8,82.2,2.2,24208.0,0,0
100048,63,23.3,130.1,200.5,110.5,68.7,0.8,35876.0,0,0
100049,70,23.9,132.9,225.8,109.9,68.2,8.7,31870.0,1,1
100050,68,32.8,143.4,152.5,148.8,76.0,2.2,48384.0,1,0
100051,31,20.8,106.9,170.6,83.3,85.1,3.7,46398.0,0,0
100052,42,15.0,116.6,209.6,122.6,97.9,3.8,51940.0,1,1
100053,49,34.1,131.2,196.5,129.1,59.9,0.7,,0,0
100054,51,,120.9,220.0,117.6,78.2,2.0,31047.0,0,0
100055,20,24.0,103.2,157.0,76.0,64.1,4.4,47741.0,0,0
100056,54,16.3,126.2,212.5,135.2,85.2,6.7,29556.0,0,0
100057,28,24.4,128.7,238.2,130.7,65.6,2.0,61176.0,0,0
100058,67,24.6,121.3,217.0,115.0,68.3,0.8,43282.0,1,1
100059,63,25.1,123.3,204.9,105.1,69.1,1.7,40108.0,0,0
100060,79,20.4,116.1,196.6,105.7,74.2,2.0,51933.0,0,0
100061,67,28.9,142.2,170.8,98.0,78.2,1.9,43855.0,0,0
100062,42,28.6,106.5,197.5,116.0,79.8,1.3,20129.0,0,0
100063,82,18.5,111.2,244.1,100.8,74.9,0.7,29079.0,1,1
100064,45,29.5,120.2,195.8,78.8,61.7,1.0,,0,0
100065,39,36.3,133.2,168.9,73.8,82.3,1.7,46258.0,1,1
100066,78,26.9,97.5,182.8,81.2,74.5,4.4,19776.0,0,0
100067,42,24.3,100.3,207.0,105.6,86.6,5.6,50282.0,0,0
100068,23,25.3,89.4,186.9,99.3,67.9,2.9,36611.0,0,0
100069,49,29.1,120.5,217.0,105.4,59.0,1.0,,0,0
100070,71,17.3,103.2,218.3,112.5,74.7,1.7,27827.0,0,0
100071,30,26.8,114.2,231.1,84.3,88.0,0.3,59999.0,0,0
100072,49,24.0,129.9,249.8,136.6,76.6,6.7,15518.0,0,0
100073,26,35.2,110.4,234.9,93.3,73.0,1.5,32437.0,1,1
100074,63,25.1,123.5,167.3,89.2,66.3,3.5,46802.0,0,0
100075,49,34.3,115.5,168.4,112.1,92.6,5.3,68675.0,0,0
100076,40,20.5,130.1,197.3,60.0,64.7,8.0,53308.0,0,0
100077,33,,127.1,184.2,80.2,67.7,4.7,32310.0,1,1
100078,55,27.6,109.6,160.2,124.5,80.7,1.9,67940.0,0,0
100079,62,21.7,117.5,184.5,60.0,56.4,3.8,24673.0,0,0
100080,81,26.9,135.7,183.4,127.9,87.7,7.8,48980.0,0,0
100081,47,32.1,125.9,176.5,137.8,81.2,1.5,52317.0,1,1
100082,28,24.4,99.0,188.9,90.8,84.0,0.7,31783.0,0,0
100083,73,17.5,129.8,241.2,107.3,80.6,1.3,55464.0,0,0
100084,60,25.9,103.7,207.0,128.0,73.4,3.7,37292.0,1,1
100085,64,21.5,141.2,286.5,88.3,64.4,2.0,,0,0
100086,24,24.3,135.4,206.0,121.7,73.6,2.5,17406.0,0,0
100087,38,25.6,124.3,189.8,83.2,65.2,4.1,,1,1
100088,69,17.5,122.4,200.1,88.1,79.9,1.3,,0,0
100089,73,17.9,116.9,209.0,80.0,83.1,2.4,62246.0,0,0
100090,47,28.4,130.2,215.2,108.6,89.8,1.7,44340.0,0,0
100091,71,23.4,114.4,272.7,128.9,78.7,7.6,63738.0,0,0
100092,74,15.0,123.5,170.4,95.4,84.2,4.6,52614.0,1,1
100093,43,29.9,133.1,230.1,68.2,72.0,2.0,43087.0,0,0
100094,78,27.4,111.6,207.3,72.9,70.2,1.9,56815.0,0,0
100095,37,22.4,110.8,145.0,109.9,79.7,8.2,56911.0,0,0
100096,34,19.4,102.1,227.0,146.1,71.1,7.7,52079.0,1,0
100097,63,30.2,104.0,244.4,109.8,77.7,3.6,10615.0,0,0
100098,60,27.7,92.6,170.0,90.3,64.4,2.6,30262.0,0,0
100099,27,37.9,130.9,199.7,119.2,66.2,0.9,65762.0,0,0
100100,73,28.1,147.1,139.6,94.0,81.4,1.3,26161.0,0,0
100101,31,27.9,141.4,155.9,90.5,83.9,0.8,58237.0,0,0
100102,71,25.2,95.6,236.7,76.0,65.1,5.5,55597.0,1,1
100103,18,30.1,130.9,183.7,135.2,81.7,0.9,34114.0,0,0
100104,71,29.1,141.3,161.2,60.0,69.7,1.9,15072.0,0,0
100105,70,32.3,113.1,208.0,119.9,75.2,0.4,36466.0,0,0
100106,70,23.4,121.5,181.7,88.4,89.2,0.6,76170.0,0,0
100107,62,23.8,89.9,183.5,89.7,83.1,4.2,32051.0,1,1
100108,49,23.6,124.0,225.9,142.3,83.0,3.3,33086.0,0,0
100109,65,30.0,104.0,159.3,82.1,94.1,2.6,30036.0,0,0
100110,36,33.5,123.0,168.3,83.0,68.0,1.9,63222.0,0,1
100111,70,23.7,96.6,205.4,96.7,65.1,0.5,,0,0
100112,55,23.9,128.1,233.9,110.3,67.8,1.7,35611.0,0,0
100113,48,27.6,135.4,243.3,89.0,72.5,2.3,66202.0,0,0
100114,51,24.8,108.3,176.7,60.7,51.5,4.0,53692.0,0,0
100115,56,30.8,102.9,232.8,78.4,72.9,5.3,31211.0,1,1
100116,20,15.0,87.7,172.6,132.0,69.6,4.3,26646.0,1,1
100117,27,21.9,116.0,263.9,101.9,82.8,3.2,62373.0,0,0
100118,34,22.1,111.3,160.3,111.3,78.5,2.6,45252.0,0,0
100119,25,15.0,96.7,246.5,93.5,69.0,3.0,21764.0,1,1
100120,47,21.2,126.8,177.0,83.5,80.9,1.6,,0,0
100121,62,21.4,113.3,270.5,141.9,82.2,2.8,28259.0,0,0
100122,61,25.0,103.9,220.7,95.3,67.3,2.3,26408.0,0,0
100123,49,31.6,111.7,164.4,88.9,70.1,10.3,14309.0,0,0
100124,75,24.8,136.1,181.7,127.4,52.7,3.1,28507.0,0,0
100125,55,20.8,129.0,227.3,81.9,64.1,0.3,31214.0,0,0
100126,23,25.7,118.0,236.8,85.1,67.6,1.8,38060.0,0,0
100127,69,31.2,129.3,197.5,100.3,75.7,2.1,70394.0,0,0
100128,56,21.1,102.6,201.6,100.0,65.5,4.7,,1,1
100129,60,21.4,120.5,226.5,106.5,69.9,3.4,42486.0,1,1
100130,55,28.8,122.2,204.6,152.3,62.7,3.2,,0,0
100131,55,24.9,113.0,154.7,108.4,76.7,6.2,41440.0,0,0
100132,24,29.2,126.5,171.5,60.0,79.3,7.7,51002.0,0,0
100133,55,25.9,108.3,208.2,108.2,79.0,4.2,49209.0,0,0
100134,71,29.5,127.6,242.5,100.9,75.1,1.9,,0,0
100135,38,20.8,128.3,256.6,101.1,59.6,2.0,,0,0
100136,58,25.9,80.0,227.3,106.1,68.8,5.7,58667.0,0,0
100137,20,24.9,137.9,210.1,99.3,70.9,2.0,28774.0,1,1
100138,41,19.9,80.0,226.2,98.7,71.0,2.5,,0,0
100139,47,18.2,110.8,176.7,115.3,75.7,1.8,33124.0,0,0
100140,83,29.4,135.4,194.6,86.4,89.3,1.0,51694.0,0,0
100141,32,24.2,115.2,171.2,76.3,83.1,9.8,,1,0
100142,36,20.9,98.0,156.3,175.6,65.1,2.5,28383.0,0,0
100143,45,25.5,103.6,211.7,82.1,81.8,6.8,50159.0,0,0
100144,84,31.6,135.4,206.5,102.5,81.4,2.0,59965.0,0,0
100145,75,15.0,91.2,224.1,62.6,66.9,1.5,52540.0,0,0
100146,20,18.5,136.9,219.1,102.9,83.5,4.0,57812.0,0,0
100147,33,21.4,119.2,208.5,76.7,73.4,5.3,,1,1
100148,73,33.3,102.1,219.5,88.9,60.9,5.5,47587.0,0,0
100149,21,27.4,111.3,198.5,126.1,79.6,2.2,37445.0,0,0
100150,75,29.8,104.7,214.5,111.8,77.2,4.3,57195.0,0,0
100151,36,20.3,133.0,174.6,114.2,72.7,1.7,60373.0,0,0
100152,79,20.4,131.0,212.9,60.0,74.6,2.7,44053.0,0,0
100153,37,28.2,94.2,223.4,145.9,67.8,2.1,43246.0,0,0
100154,47,26.3,113.9,176.6,70.2,81.1,1.8,68871.0,0,0
100155,62,28.7,107.1,201.8,138.2,74.6,2.8,44694.0,0,0
100156,26,25.1,139.4,178.2,125.5,76.7,1.0,46135.0,0,0
100157,55,27.4,99.7,181.6,114.4,78.6,5.0,52263.0,0,0
100158,51,26.8,144.1,160.6,78.6,63.5,1.8,43533.0,0,0
100159,70,29.9,119.5,244.3,103.8,66.1,4.8,32695.0,1,1
100160,84,30.0,102.6,237.3,88.2,52.9,1.2,50669.0,0,0
100161,62,17.9,109.8,218.8,100.7,80.6,1.8,44419.0,0,0
100162,45,15.0,108.0,269.0,93.8,62.9,1.0,72634.0,0,0
100163,45,31.0,100.9,193.4,60.0,76.3,1.0,56827.0,0,0
100164,46,31.9,121.4,306.1,128.0,78.7,1.3,36068.0,0,0
100165,72,20.9,101.6,192.0,98.0,81.0,1.2,55936.0,0,0
100166,39,16.7,87.3,208.9,87.9,63.0,1.0,49618.0,0,0
100167,29,26.5,114.3,186.1,86.0,74.3,2.6,64641.0,0,0
100168,40,,93.0,213.0,109.0,91.7,3.9,37133.0,0,0
100169,19,35.0,108.7,229.2,77.7,92.1,4.1,47830.0,0,0
100170,25,28.6,106.4,196.0,60.0,84.9,0.5,43514.0,0,0
100171,24,24.1,106.9,262.2,110.2,78.4,2.1,45877.0,0,0
100172,69,21.5,150.0,208.4,113.0,64.9,1.9,31722.0,0,0
100173,66,26.1,120.8,209.5,95.0,82.2,6.3,53639.0,0,0
100174,64,24.5,123.7,168.2,71.3,73.4,2.1,51269.0,0,0
100175,48,20.9,93.4,214.6,102.2,80.6,2.4,64278.0,0,0
100176,66,36.2,110.2,195.3,63.4,68.7,0.7,44850.0,0,0
100177,28,34.9,123.2,178.7,74.3,73.3,1.3,38822.0,1,1
100178,78,31.7,104.6,172.8,81.2,76.6,0.6,56839.0,0,0
100179,51,,133.6,293.5,121.1,77.5,2.7,33087.0,0,0
100180,80,30.3,102.0,190.8,90.9,79.9,6.5,61275.0,0,0
100181,28,29.2,115.7,149.0,88.8,69.2,1.3,61243.0,0,0
100182,51,28.2,111.2,175.6,148.9,61.6,2.1,63859.0,0,0
100183,64,32.2,122.5,198.2,108.8,91.2,1.2,,0,0
100184,51,29.2,110.4,219.1,108.5,99.9,1.6,,0,0
100185,47,29.7,115.9,219.4,90.8,79.5,2.8,,0,0
100186,29,,116.5,223.7,85.1,61.8,8.5,50701.0,0,0
100187,43,27.7,109.0,177.4,60.0,67.3,6.2,36598.0,0,0
100188,33,17.1,127.3,211.9,124.2,80.1,7.5,64997.0,0,0
100189,38,26.4,123.6,169.3,111.2,88.4,4.8,53701.0,0,0
100190,63,23.2,118.7,178.3,95.5,62.9,2.1,,0,0
100191,60,19.6,113.5,167.9,96.6,73.8,1.9,73243.0,0,0
100192,58,34.4,131.9,158.4,118.4,77.0,1.3,,0,0
100193,42,34.6,116.5,237.2,61.1,83.6,2.1,,0,0
100194,82,32.8,115.4,224.1,85.3,71.6,6.5,,0,0
100195,23,27.3,121.6,234.2,71.6,59.4,6.5,67317.0,1,1
100196,40,32.8,145.4,201.4,144.3,81.2,10.6,72375.0,0,0
100197,25,26.1,99.9,227.2,121.9,86.2,2.9,60142.0,0,0
100198,40,27.0,131.5,138.4,60.0,74.2,0.9,,0,0
100199,82,,91.6,230.2,62.2,79.1,3.7,63249.0,0,0
100200,42,28.0,123.3,206.2,96.7,70.3,8.6,53354.0,0,0
100201,78,26.3,143.6,221.9,88.2,66.5,7.1,49936.0,0,0
100202,51,19.5,127.3,213.3,66.9,85.3,1.7,,0,0
100203,64,25.7,122.6,165.5,148.6,78.9,0.9,56040.0,0,0
100204,48,25.6,111.6,147.6,107.8,79.9,0.9,33876.0,0,0
100205,35,35.0,120.5,175.1,111.9,90.0,1.4,55979.0,0,0
100206,69,30.5,116.2,219.8,82.7,64.5,1.6,66879.0,0,0
100207,82,26.1,108.2,224.2,118.1,69.5,2.0,41904.0,0,0
100208,35,,115.7,152.1,90.5,76.6,4.1,40301.0,1,1
100209,70,26.2,123.0,165.7,92.9,69.4,1.9,,1,1
100210,35,25.0,108.5,174.7,115.3,82.8,2.7,,0,0
100211,66,20.6,107.9,187.5,60.0,73.1,0.6,25248.0,0,0
100212,70,25.2,99.6,152.3,139.9,65.1,1.3,,0,0
100213,48,,125.9,150.2,104.6,75.7,1.3,38236.0,0,0
100214,67,19.7,128.2,171.2,132.0,76.7,0.5,45277.0,1,1
100215,36,28.6,123.5,203.0,73.1,84.3,1.9,35848.0,0,0
100216,23,,134.5,158.7,76.9,78.9,0.6,,0,0
100217,24,17.1,121.3,195.9,71.0,79.6,1.8,57798.0,0,0
100218,47,25.4,125.9,237.0,106.3,78.2,2.8,41389.0,0,0
100219,78,31.0,124.6,154.4,101.6,73.1,6.6,27302.0,0,0
100220,26,31.3,118.6,192.8,88.4,67.8,1.2,39796.0,0,0
100221,48,31.1,112.0,235.9,74.6,77.9,2.7,53552.0,0,0
100222,65,26.2,153.2,185.4,68.3,71.7,1.5,47830.0,0,0
100223,31,21.8,113.2,179.9,98.8,91.9,0.6,46636.0,0,0
100224,66,20.6,110.0,240.7,88.4,88.4,6.6,48175.0,0,0
100225,38,27.7,126.5,189.3,82.9,81.3,2.9,,0,0
100226,72,27.9,123.8,238.7,138.7,78.8,3.6,44372.0,0,0
100227,56,32.4,98.9,215.0,97.9,74.1,7.4,51750.0,0,0
100228,54,31.5,136.8,188.0,131.8,62.4,1.8,,0,0
100229,29,25.3,118.6,216.8,86.7,72.8,0.8,83308.0,0,0
100230,49,19.8,103.3,211.2,106.1,76.0,1.2,40742.0,0,0
100231,75,24.4,137.8,235.7,98.6,77.3,0.7,,0,0
100232,19,27.1,129.4,180.8,60.0,79.7,5.5,53497.0,0,0
100233,68,25.0,101.0,201.4,135.7,84.2,8.8,38838.0,0,0
100234,51,23.1,146.7,197.8,96.6,68.1,2.8,,0,0
100235,66,27.3,129.9,224.6,118.7,68.2,4.2,44935.0,0,0
100236,62,23.5,119.8,164.1,81.2,89.5,5.0,31289.0,0,0
100237,46,22.9,143.9,235.6,95.9,82.7,7.7,51579.0,0,0
100238,38,27.6,122.4,216.3,78.3,71.1,8.6,20262.0,0,0
100239,60,24.0,119.6,153.9,130.9,73.9,0.4,71291.0,0,0
100240,27,27.2,110.1,242.3,107.8,74.0,1.5,56895.0,0,0
100241,57,27.4,128.7,278.2,109.2,75.3,2.6,54587.0,0,0
100242,24,20.3,127.1,235.1,134.0,79.7,1.4,18950.0,0,0
100243,61,23.6,120.2,249.9,128.9,100.3,2.0,33112.0,1,1
100244,60,33.2,108.2,203.0,119.1,76.9,3.4,65840.0,0,0
100245,23,20.2,121.9,141.8,64.5,81.6,3.4,107269.0,0,0
100246,68,15.4,119.0,135.5,82.6,58.1,4.9,62920.0,0,0
100247,45,16.7,100.0,208.9,74.9,70.2,2.6,,0,0
100248,70,26.1,97.9,179.3,118.2,87.3,0.2,52875.0,0,0
100249,20,26.2,128.5,168.0,104.3,79.0,1.9,32288.0,1,1
100250,30,25.4,81.0,197.8,65.2,45.0,3.2,59928.0,0,0
100251,51,32.1,123.1,221.5,95.3,81.7,5.1,28482.0,1,1
100252,30,15.0,112.8,149.2,62.6,94.2,4.6,26841.0,0,0
100253,40,28.0,139.6,184.3,98.7,55.0,2.3,25897.0,0,0
100254,62,33.8,112.6,252.8,60.0,90.2,1.5,59636.0,0,0
100255,27,20.4,129.9,162.4,113.2,47.3,2.4,44139.0,1,0
100256,63,24.1,114.0,230.4,109.4,84.4,0.5,,0,0
100257,24,22.2,121.7,183.0,147.7,74.9,1.6,44769.0,0,0
100258,29,21.5,131.1,219.1,121.2,51.5,5.8,28114.0,0,0
100259,57,24.4,113.1,238.4,89.4,79.5,2.4,34939.0,1,1
100260,71,33.1,134.9,225.9,120.5,86.5,3.3,,1,1
100261,29,35.2,105.1,231.8,65.1,78.6,0.7,23921.0,1,1
100262,38,24.3,124.4,159.7,75.9,80.8,5.1,37437.0,0,0
100263,79,35.5,133.8,239.0,108.3,70.9,2.2,28780.0,0,0
100264,84,26.2,129.9,170.2,60.0,56.4,3.2,53665.0,0,0
100265,56,34.8,148.7,209.1,99.1,81.9,3.8,54915.0,0,0
100266,47,25.5,108.5,209.0,74.5,92.5,4.9,25595.0,0,0
100267,41,26.7,99.3,217.0,102.5,86.3,2.9,40551.0,0,0
100268,59,27.8,105.1,211.8,73.1,55.1,2.3,72841.0,0,0
100269,57,41.9,129.9,170.5,110.6,59.9,0.9,,0,0
100270,37,,127.5,152.8,100.5,66.5,0.6,51400.0,0,0
100271,19,22.5,121.5,230.5,135.0,59.1,2.8,,0,0
100272,28,30.8,103.2,206.5,100.2,75.4,3.2,,0,0
100273,82,24.2,131.5,240.2,80.8,78.9,3.6,,0,0
100274,46,23.6,101.6,198.4,93.8,60.7,1.2,,0,0
100275,50,30.5,137.4,150.8,66.4,82.8,1.6,46001.0,0,0
100276,49,26.2,162.9,233.8,110.2,81.0,2.8,46221.0,0,0
100277,70,27.4,125.5,187.0,114.7,69.5,1.8,43625.0,0,0
100278,22,26.1,128.7,212.0,161.7,73.3,11.2,25213.0,0,0
100279,23,27.7,112.6,177.3,84.5,55.5,1.6,63646.0,0,0
100280,36,28.1,92.8,257.6,93.3,71.7,3.4,60997.0,0,0
100281,50,16.3,111.0,169.3,85.6,75.1,4.5,29337.0,0,0
100282,62,29.3,103.6,188.2,105.3,76.7,4.7,40489.0,1,1
100283,50,21.1,98.3,203.8,109.5,78.8,1.7,41624.0,1,1
100284,47,18.8,145.8,161.8,98.7,77.4,3.8,27652.0,1,1
100285,80,25.7,124.1,211.6,127.2,72.4,3.4,16998.0,1,1
100286,28,26.4,125.7,256.4,84.6,77.9,3.9,34941.0,0,0
100287,56,22.5,115.4,182.8,124.7,85.0,2.8,39654.0,0,0
100288,54,30.2,117.4,213.8,113.5,74.0,4.5,23381.0,0,0
100289,49,19.3,134.5,103.8,99.7,78.2,3.0,,0,0
100290,72,24.0,119.5,198.6,92.1,73.1,0.8,62443.0,0,0
100291,35,23.1,128.0,189.0,160.7,68.5,3.0,57632.0,0,0
100292,81,25.8,117.1,171.4,79.6,80.2,3.2,43100.0,0,0
100293,40,,114.9,237.9,107.4,69.4,4.3,17394.0,0,0
100294,54,21.0,98.9,188.6,81.2,78.9,2.8,,0,0
100295,52,29.6,90.3,193.8,144.6,75.3,7.8,47196.0,0,0
100296,74,26.3,116.1,186.8,122.2,72.0,2.3,,0,0
100297,47,16.5,120.8,132.9,83.0,71.7,1.7,74042.0,1,1
100298,37,16.2,100.7,160.4,112.8,69.9,6.3,32628.0,0,0
100299,19,25.9,119.5,233.6,106.4,58.5,2.3,10000.0,0,0
100300,42,24.9,120.8,126.2,87.1,78.8,2.6,29198.0,0,0
100301,73,25.5,87.7,173.2,119.0,77.3,3.2,,0,0
100302,18,25.9,106.3,186.0,109.7,83.5,3.0,45404.0,0,0
100303,78,27.1,126.1,261.0,105.4,69.7,3.9,26765.0,0,0
100304,54,30.7,125.8,226.9,99.0,94.0,4.1,23704.0,0,0
100305,27,20.4,102.7,180.5,110.8,71.2,1.5,,0,0
100306,38,,122.4,245.7,105.7,66.2,0.9,26309.0,1,0
100307,55,20.5,135.3,174.1,101.5,65.1,1.1,52810.0,1,1
100308,39,27.4,131.7,235.3,84.0,57.7,5.8,38829.0,0,0
100309,25,32.2,118.6,152.4,142.3,90.3,2.2,35593.0,0,0
100310,62,,113.0,237.6,73.7,88.7,4.5,33626.0,0,1
100311,63,15.0,110.6,185.8,110.7,81.0,4.2,48947.0,0,0
100312,25,17.5,127.0,164.0,92.0,66.0,2.6,45639.0,1,1
100313,36,21.8,122.9,192.4,144.0,93.1,1.2,48029.0,0,0
100314,34,23.2,129.4,209.7,77.4,71.5,4.3,47702.0,0,0
100315,62,24.0,122.0,182.7,81.6,72.3,2.6,43917.0,1,1
100316,66,26.2,132.3,219.4,75.8,89.4,0.9,29503.0,0,0
100317,66,24.4,121.4,179.6,108.1,81.6,1.8,34044.0,0,0
100318,80,31.2,131.8,221.7,65.7,97.0,0.6,39080.0,0,0
100319,69,22.6,133.1,215.5,88.0,77.5,1.8,,1,0
100320,39,21.7,107.9,197.9,60.0,71.0,2.7,,0,0
100321,25,28.4,92.9,184.6,106.0,68.9,2.4,38715.0,0,0
100322,59,18.3,143.2,205.3,87.5,56.5,2.2,46474.0,0,0
100323,79,27.9,123.8,219.3,62.8,72.2,2.7,40450.0,0,0
100324,83,26.5,94.3,272.2,127.1,86.4,3.7,61110.0,0,0
100325,33,25.3,109.3,232.9,67.3,81.0,4.7,40373.0,0,0
100326,33,33.9,131.6,234.2,119.9,75.2,5.2,41482.0,0,0
100327,20,22.9,115.8,308.1,82.5,65.1,1.4,57219.0,1,1
100328,27,36.3,112.3,218.1,140.0,77.3,5.5,72161.0,0,0
100329,55,24.9,141.0,217.0,118.7,85.1,2.6,66112.0,0,0
100330,54,19.6,104.3,224.6,74.8,79.3,2.0,42950.0,1,0
100331,42,26.3,108.0,164.7,77.1,76.7,1.1,44257.0,0,0
100332,38,20.6,123.2,184.5,115.1,67.0,3.5,45701.0,0,0
100333,73,22.2,125.9,182.3,93.4,83.7,3.4,47205.0,0,0
100334,48,28.0,127.4,222.7,95.8,45.0,1.6,,0,0
100335,72,28.8,133.7,193.9,131.8,78.8,1.7,,0,0
100336,82,22.9,123.0,204.8,81.3,100.7,2.3,48099.0,0,0
100337,39,30.9,127.3,238.1,102.3,59.9,2.0,44327.0,1,1
100338,31,31.8,116.1,230.2,123.9,72.6,1.3,25933.0,0,0
100339,81,33.2,120.9,194.3,120.2,74.9,1.0,45934.0,1,1
100340,60,28.6,121.6,176.6,96.0,70.4,5.6,16602.0,0,0
100341,37,32.8,123.2,239.7,92.8,85.4,1.8,36275.0,1,1
100342,59,16.6,131.6,227.1,60.0,79.7,3.4,36554.0,1,1
100343,52,24.4,128.3,143.8,73.6,76.5,3.9,49305.0,1,1
100344,78,,120.7,189.0,108.0,83.0,3.5,73198.0,0,0
100345,35,26.6,107.9,205.8,96.6,75.2,4.0,53579.0,0,0
100346,84,23.1,121.0,227.3,101.9,106.8,3.5,66726.0,0,0
100347,80,25.2,119.6,231.9,126.0,76.5,1.5,,0,0
100348,30,35.4,122.9,209.9,70.3,77.0,2.0,,0,0
100349,29,25.2,153.1,220.5,94.1,57.9,5.5,72857.0,1,1
100350,53,28.1,112.1,202.2,104.7,69.6,1.7,34022.0,1,1
100351,21,24.8,126.3,176.4,82.4,86.5,2.6,33043.0,0,0
100352,38,26.4,136.0,190.9,135.8,61.6,3.7,55032.0,0,0
100353,47,26.0,121.5,200.7,122.7,53.4,6.8,44945.0,0,0
100354,82,28.2,155.1,198.8,107.3,75.3,5.1,48305.0,0,0
100355,84,31.8,114.3,134.0,144.9,88.7,1.2,41270.0,0,0
100356,28,34.2,124.9,186.1,62.5,75.4,3.3,36056.0,1,1
100357,77,27.5,108.0,202.0,99.8,71.6,3.1,69311.0,0,0
100358,24,28.9,114.7,190.2,109.2,56.4,2.1,,0,1
100359,68,20.2,123.7,191.4,77.1,79.5,2.6,55296.0,0,0
100360,74,25.6,132.7,217.1,107.5,81.6,1.5,52863.0,0,0
100361,77,30.7,124.8,162.2,72.3,57.2,2.3,,0,0
100362,32,30.3,138.9,143.0,117.3,86.3,1.7,32538.0,1,1
100363,77,27.1,118.6,187.8,126.4,82.7,2.8,35060.0,0,0
100364,25,30.4,115.0,226.7,106.8,86.3,2.0,53469.0,1,1
100365,52,28.5,160.6,259.1,60.0,80.8,7.2,39494.0,0,0
100366,49,32.0,125.9,227.4,75.8,81.5,2.9,43716.0,1,1
100367,39,27.4,109.2,148.6,114.1,80.2,2.5,23135.0,1,1
100368,19,24.2,109.6,191.9,100.5,83.7,2.2,79889.0,0,0
100369,69,27.7,105.9,209.0,60.0,56.8,2.0,46068.0,1,1
100370,40,15.0,134.0,206.2,131.1,60.0,0.9,52485.0,0,0
100371,62,,114.5,218.9,103.4,67.6,4.5,36891.0,0,0
100372,45,15.0,121.9,167.9,79.5,73.7,6.3,35211.0,0,0
100373,43,17.4,119.0,202.3,124.9,78.9,1.7,73690.0,0,0
100374,77,28.3,131.0,214.7,83.1,78.2,5.4,16249.0,0,0
100375,24,28.4,107.3,228.9,82.8,86.2,11.1,49180.0,0,0
100376,67,20.2,103.9,171.8,109.0,86.5,8.6,26827.0,1,0
100377,68,22.4,123.4,187.9,144.5,66.3,6.1,38925.0,1,1
100378,43,32.9,129.0,105.4,140.6,77.4,1.0,35429.0,0,0
100379,35,23.6,125.0,178.2,109.0,66.5,1.0,30210.0,1,1
100380,18,37.2,107.9,181.6,111.6,73.1,4.0,45532.0,0,0
100381,80,26.0,130.2,164.3,119.8,78.2,2.6,10000.0,0,0
100382,81,28.0,108.8,205.8,68.6,45.0,0.4,40268.0,0,0
100383,34,34.1,112.2,198.0,116.1,99.1,1.9,43646.0,0,0
100384,20,26.7,105.8,120.9,81.6,80.7,3.9,24611.0,0,0
100385,26,21.0,139.5,207.5,108.0,69.0,2.3,67698.0,0,0
100386,22,25.5,129.5,167.5,94.3,94.3,2.6,36083.0,0,0
100387,73,25.8,129.1,217.0,112.5,71.5,1.0,41438.0,0,0
100388,77,19.2,138.7,155.1,103.0,76.3,1.9,36117.0,0,0
100389,28,24.7,162.2,201.1,60.0,70.1,4.0,43777.0,0,0
100390,68,22.3,94.4,190.1,104.5,91.5,1.8,64622.0,0,0
100391,30,30.6,108.9,210.6,116.1,74.0,5.7,82095.0,0,0
100392,42,26.2,110.8,204.4,111.1,76.5,2.7,56185.0,0,0
100393,58,24.6,107.2,191.1,97.4,87.0,3.5,61320.0,0,0
100394,66,,103.8,146.2,141.1,80.9,4.0,70746.0,0,0
100395,76,27.1,115.5,148.3,107.8,74.5,3.9,48733.0,0,0
100396,21,29.1,101.8,179.6,110.9,86.1,1.2,,0,0
100397,31,21.0,125.0,199.7,126.1,100.4,1.3,56886.0,0,0
100398,36,20.8,120.8,178.7,109.1,78.2,0.3,47160.0,0,0
100399,38,31.5,127.2,221.9,77.5,76.2,2.0,,0,0
100400,84,23.9,127.6,190.2,60.0,76.7,1.3,,0,0
100401,70,18.9,129.0,166.2,88.1,88.1,1.8,49382.0,0,0
100402,39,28.2,114.4,190.3,119.0,69.0,2.2,21844.0,1,1
100403,83,28.3,151.8,207.9,91.2,72.2,2.9,20621.0,0,0
100404,51,18.3,123.5,211.4,120.0,59.6,2.3,47893.0,1,1
100405,51,27.1,92.1,265.7,103.7,63.2,2.3,28289.0,1,1
100406,47,29.7,105.0,176.6,132.2,69.8,3.3,44893.0,0,0
100407,27,27.9,93.9,197.4,92.6,74.4,2.5,47077.0,0,0
100408,80,29.2,120.3,214.9,111.7,92.7,4.7,47746.0,1,1
100409,18,19.0,118.2,199.2,112.6,80.4,2.5,,0,0
100410,29,27.7,113.0,182.5,137.5,65.9,6.9,58480.0,0,0
100411,33,24.5,150.2,145.8,60.0,67.7,1.1,,0,0
100412,36,23.6,128.2,182.1,88.5,88.7,2.0,51616.0,0,0
100413,26,30.4,130.9,162.4,121.2,86.3,1.5,27053.0,0,0
100414,19,33.4,106.0,139.6,138.6,75.3,3.0,42325.0,0,0
100415,63,35.0,105.0,172.2,106.0,70.6,1.1,,0,0
100416,82,32.6,120.6,163.4,92.7,86.2,0.7,59553.0,0,0
100417,26,25.5,122.6,220.4,118.9,65.1,1.3,33041.0,0,0
100418,37,27.8,92.2,221.0,121.7,78.9,0.8,,0,0
100419,51,29.8,117.3,168.4,91.0,97.7,2.2,30170.0,0,0
100420,80,26.6,120.2,190.9,108.3,77.1,2.9,35154.0,0,0
100421,64,26.7,116.8,135.0,129.5,67.2,0.6,24014.0,0,0
100422,69,30.1,107.8,182.7,147.3,79.1,1.9,42927.0,0,0
100423,56,25.7,111.9,214.0,118.6,70.3,5.1,54497.0,1,1
100424,45,22.4,117.3,228.9,101.1,61.1,6.1,33224.0,0,0
100425,31,23.9,121.4,175.0,98.6,82.0,4.3,43641.0,0,0
100426,75,29.2,129.1,236.8,113.9,86.2,0.2,41693.0,0,0
100427,71,26.0,136.2,147.0,97.1,71.9,2.7,60827.0,0,0
100428,19,27.7,115.6,156.3,104.7,71.2,5.5,35826.0,0,0
100429,65,29.4,113.2,224.8,73.6,65.4,1.8,36372.0,1,1
100430,23,24.1,126.6,258.5,132.4,73.5,0.9,32310.0,0,0
100431,67,,129.2,217.3,71.5,69.4,5.3,27937.0,1,1
100432,73,27.9,113.5,198.6,89.2,64.9,5.8,52938.0,0,0
100433,26,,131.9,123.2,102.4,93.9,2.5,42973.0,0,0
100434,47,33.2,134.7,129.2,149.8,79.7,0.9,45822.0,0,0
100435,26,23.5,139.4,204.5,89.4,80.7,0.5,64120.0,0,0
100436,56,17.7,146.7,187.5,83.3,83.8,3.2,64981.0,0,0
100437,80,20.8,107.0,161.3,86.2,82.7,1.5,20306.0,0,0
100438,23,,120.2,202.3,141.5,70.9,2.4,54718.0,0,0
100439,44,26.3,120.2,204.0,60.0,77.7,2.2,48385.0,0,0
100440,83,24.6,118.5,233.1,74.9,72.3,1.2,38076.0,1,1
100441,38,24.3,110.3,204.8,168.3,79.4,0.5,,0,0
100442,26,29.1,97.7,243.0,114.8,78.4,1.8,19104.0,0,0
100443,50,27.7,121.4,200.3,72.4,71.2,2.8,66940.0,0,0
100444,52,27.6,108.5,196.0,99.0,61.7,2.9,52724.0,0,0
100445,62,28.0,121.3,237.3,101.7,76.5,1.5,32022.0,1,1
100446,39,29.1,108.1,165.8,121.2,73.0,5.7,36219.0,0,0
100447,82,15.5,103.5,298.5,146.0,56.1,1.0,19453.0,0,0
100448,52,24.2,123.5,213.1,109.7,80.1,4.9,40291.0,0,0
100449,37,15.1,122.3,213.3,86.5,84.7,2.7,37759.0,0,0
100450,82,26.2,128.7,218.4,119.7,100.3,1.8,25123.0,0,0
100451,79,26.0,152.8,265.7,82.5,71.1,3.5,56651.0,0,0
100452,51,31.2,124.2,227.7,74.2,69.6,2.1,64152.0,1,1
100453,19,31.9,127.3,143.8,60.0,63.9,0.7,44590.0,0,0
100454,57,27.0,103.8,249.1,60.9,77.1,0.9,,1,0
100455,55,23.5,100.7,188.1,77.6,77.0,2.0,51525.0,0,0
100456,27,28.4,143.7,203.8,70.6,66.9,1.6,44705.0,0,0
100457,60,23.4,106.1,155.2,107.8,73.3,4.8,28767.0,0,0
100458,74,26.0,104.3,218.4,70.0,55.2,1.6,35210.0,0,0
100459,25,30.9,119.4,177.2,60.0,84.3,1.5,40553.0,0,0
100460,66,23.2,118.6,203.5,73.9,67.3,1.3,48723.0,0,0
100461,27,30.0,106.5,190.1,88.2,74.7,1.2,45140.0,0,0
100462,68,29.4,115.4,267.4,84.9,60.7,1.3,48156.0,0,0
100463,46,21.2,138.4,269.4,138.0,69.2,0.8,22128.0,1,1
100464,18,30.9,107.9,201.6,84.7,72.2,2.8,54978.0,0,0
100465,82,29.5,99.1,202.2,122.0,74.9,2.3,45051.0,0,0
100466,29,26.5,134.1,186.9,99.5,79.8,2.2,83291.0,0,0
100467,57,22.2,127.4,238.7,98.9,89.4,0.6,39185.0,0,0
100468,30,21.7,110.7,188.5,79.1,82.3,3.3,49852.0,0,0
100469,80,23.3,96.3,185.3,98.5,84.6,3.5,87438.0,1,1
100470,67,28.7,108.8,234.3,80.9,89.5,6.6,47911.0,0,0
100471,71,21.2,119.2,181.2,104.3,80.7,3.4,43986.0,0,0
100472,46,28.2,137.5,198.7,94.1,74.6,7.5,,1,1
100473,49,19.8,104.5,144.7,76.4,85.1,1.4,67924.0,1,1
100474,60,25.0,118.7,224.6,124.8,85.7,6.9,27613.0,0,0
100475,70,26.5,130.1,267.9,110.7,81.5,3.5,51407.0,0,0
100476,74,38.2,84.3,225.2,88.8,60.5,3.2,37897.0,1,1
100477,19,,135.5,251.2,103.6,66.6,2.1,42160.0,1,1
100478,62,33.4,102.3,170.4,97.9,72.3,1.8,23641.0,0,0
100479,25,26.7,125.0,208.3,78.3,82.8,1.5,,0,0
100480,37,28.1,123.7,167.0,101.8,74.8,7.0,40833.0,0,0
100481,73,26.6,136.3,192.0,84.5,86.4,2.1,,1,1
100482,34,28.2,128.3,227.0,76.4,88.2,3.5,63790.0,0,0
100483,71,25.2,84.3,203.6,60.0,87.0,4.1,37438.0,0,0
100484,49,33.3,108.2,150.6,91.0,87.1,4.0,50019.0,0,0
100485,33,23.7,122.1,154.0,114.2,64.6,2.8,57621.0,0,0
100486,40,31.7,117.1,151.7,82.6,79.8,6.8,52111.0,0,1
100487,53,22.8,127.2,217.2,163.0,68.9,3.3,12050.0,0,0
100488,69,25.7,131.8,272.2,122.1,58.5,1.5,,1,1
100489,58,20.6,129.1,247.7,132.6,72.1,1.9,43491.0,1,1
100490,80,28.3,116.8,133.6,119.9,88.2,0.6,40065.0,0,0
100491,76,33.2,92.3,249.7,146.3,79.6,3.1,43364.0,0,0
100492,68,25.6,113.2,232.8,80.3,95.2,3.7,20850.0,0,0
100493,58,25.0,126.2,145.9,60.0,76.8,4.0,47883.0,1,1
100494,37,20.4,103.6,189.4,88.8,99.5,3.5,24534.0,0,0
100495,45,24.9,129.5,238.3,114.0,76.8,2.1,40712.0,1,0
100496,25,18.0,133.6,219.3,103.8,75.2,2.5,,0,0
100497,43,21.4,121.9,154.2,106.9,62.2,2.5,61111.0,0,0
100498,80,27.1,80.0,221.4,133.0,86.1,4.8,32706.0,0,0
100499,46,32.6,100.8,125.2,109.6,70.0,0.4,,0,0
100500,25,40.0,148.3,192.2,120.0,68.5,1.7,,0,0
100501,61,23.1,111.8,239.8,76.5,87.8,1.1,,0,0
100502,82,33.2,90.2,200.6,72.6,86.6,8.6,,1,1
100503,76,27.2,138.5,182.5,140.4,86.3,5.4,,0,0
100504,36,25.2,120.2,231.1,102.5,71.4,1.8,49076.0,0,0
100505,48,28.2,136.6,234.1,84.4,74.5,0.7,33941.0,1,1
100506,53,26.3,124.2,245.9,84.5,74.4,0.9,62990.0,0,0
100507,34,,126.9,230.6,83.8,82.8,4.8,34807.0,0,1
100508,36,24.0,125.4,237.8,82.3,90.5,0.6,31490.0,0,0
100509,33,,130.5,225.7,67.9,78.7,2.5,48504.0,0,0
100510,84,18.3,154.2,209.3,62.5,94.7,4.2,34709.0,0,0
100511,67,29.3,134.6,203.1,95.1,84.0,0.9,45128.0,0,0
100512,74,24.6,96.3,191.7,85.2,72.7,2.5,59790.0,0,0
100513,72,23.0,126.7,157.6,127.7,83.3,1.8,46758.0,0,0
100514,82,26.0,137.1,166.6,107.3,92.1,1.6,46814.0,0,0
100515,25,30.0,138.0,190.1,106.6,95.0,1.4,48077.0,0,0
100516,77,,113.6,208.5,81.4,86.9,4.5,19604.0,0,0
100517,22,22.7,137.5,250.4,97.0,75.3,6.2,,0,0
100518,49,32.1,133.9,198.5,109.0,72.8,2.0,47399.0,0,0
100519,57,33.9,158.6,235.1,117.9,80.8,3.2,,0,0
100520,41,28.5,108.7,237.8,97.7,91.7,2.5,54087.0,0,0
100521,27,30.9,112.4,191.9,127.0,79.3,0.4,,0,0
100522,30,32.2,115.4,220.8,100.2,79.5,2.0,60486.0,1,1
100523,73,31.7,112.6,191.5,119.8,75.5,0.4,40611.0,0,0
100524,39,29.1,106.6,246.3,87.8,71.7,1.7,48707.0,1,1
100525,38,29.0,80.0,222.3,60.0,73.4,2.4,40333.0,0,0
100526,79,28.6,113.5,158.3,106.7,76.4,4.0,51926.0,0,0
100527,27,20.5,125.5,205.7,118.1,92.2,3.0,39353.0,0,0
100528,79,29.5,112.6,257.7,114.4,72.6,4.6,69713.0,0,0
100529,79,19.2,149.0,193.7,110.6,75.5,1.2,75260.0,0,0
100530,58,22.0,120.2,215.7,91.3,66.3,5.7,,0,0
100531,29,32.5,139.4,219.1,79.8,82.2,6.2,68119.0,0,0
100532,28,30.2,123.9,163.7,113.8,88.7,0.3,,0,0
100533,37,33.4,132.4,217.9,110.7,91.2,0.6,23679.0,0,0
100534,56,24.6,124.2,151.2,86.0,77.0,2.4,40177.0,0,0
100535,28,20.2,140.5,178.1,127.7,80.7,1.6,45618.0,0,0
100536,48,24.8,120.8,237.7,77.9,73.5,1.8,42027.0,0,0
100537,25,26.5,127.4,212.5,85.4,80.3,3.0,20368.0,1,1
100538,54,26.4,125.5,189.3,140.9,78.1,4.7,62274.0,0,0
100539,19,31.7,115.7,215.6,121.7,75.6,1.2,77313.0,0,0
100540,65,24.2,126.1,197.9,91.0,76.4,5.2,64215.0,0,0
100541,21,27.8,153.5,200.4,107.2,79.5,1.4,61283.0,1,1
100542,31,21.1,115.9,223.0,103.9,72.1,9.4,48392.0,0,0
100543,29,28.3,126.3,174.5,60.0,72.6,5.7,,0,0
100544,73,26.0,138.9,201.4,77.3,92.1,1.5,46088.0,0,0
100545,21,22.3,137.1,189.1,98.7,102.1,0.7,76584.0,0,0
100546,46,24.8,120.2,144.5,91.1,63.0,1.5,39720.0,1,1
100547,57,25.1,84.2,167.8,106.2,62.4,1.3,38176.0,0,0
100548,52,24.6,127.8,254.9,128.2,65.4,3.7,61610.0,0,0
100549,63,34.9,86.7,213.5,92.0,74.0,0.3,62605.0,1,1
100550,71,25.5,142.0,153.7,73.6,84.0,0.6,32281.0,0,0
100551,44,24.8,122.5,146.1,108.1,80.9,3.6,41078.0,0,0
100552,73,15.5,135.0,196.1,91.8,76.7,1.3,37471.0,0,0
100553,39,21.5,106.5,254.6,96.1,80.3,1.7,,0,0
100554,83,24.7,96.7,193.5,92.7,68.1,4.2,,0,0
100555,51,22.6,123.9,245.7,156.0,72.6,4.8,32940.0,0,0
100556,67,32.9,119.5,212.3,60.0,74.8,5.5,,0,0
100557,76,25.2,112.6,216.5,90.3,59.2,4.0,46525.0,1,1
100558,71,32.4,121.3,153.2,99.9,63.4,2.1,79893.0,0,0
100559,75,26.3,161.5,232.8,80.5,63.8,2.0,49782.0,0,0
100560,53,26.2,132.5,188.3,122.5,82.6,1.8,43546.0,0,0
100561,20,25.6,135.7,230.2,120.3,77.5,0.9,53621.0,0,0
100562,51,26.0,132.7,171.5,98.8,81.1,1.1,39943.0,0,0
100563,30,34.6,142.2,206.2,93.2,56.6,5.1,18071.0,1,1
100564,77,15.0,117.1,212.3,97.2,60.2,1.4,,1,1
100565,33,16.0,89.2,194.6,97.4,81.6,0.9,41156.0,0,0
100566,33,23.3,117.2,214.2,98.0,47.2,5.4,21115.0,0,0
100567,34,26.1,132.2,190.7,95.3,87.2,2.8,43904.0,0,0
100568,61,29.5,105.5,177.3,106.3,56.8,7.1,,0,0
100569,56,28.4,117.4,256.2,118.8,83.4,6.6,39785.0,0,0
100570,81,,109.6,236.7,69.2,66.1,0.9,48654.0,0,0
100571,45,31.1,142.5,173.4,73.7,85.5,2.3,46455.0,0,0
100572,36,31.2,131.2,219.9,60.0,107.1,1.1,38834.0,0,0
100573,21,26.9,129.8,174.0,121.7,52.3,1.0,43717.0,0,0
100574,18,30.8,129.3,158.5,106.3,82.0,1.7,33239.0,0,0
100575,43,,119.4,236.2,112.6,56.9,3.8,45162.0,0,0
100576,80,23.2,123.0,140.4,64.3,79.3,3.8,45871.0,0,0
100577,53,29.5,102.2,232.4,144.6,72.9,3.5,31496.0,0,0
100578,77,26.6,87.2,191.2,84.8,76.3,2.1,49015.0,0,0
100579,24,26.0,122.3,192.6,104.2,65.9,3.9,48922.0,1,1
100580,24,33.4,124.9,214.3,121.4,82.8,0.9,42507.0,1,1
100581,73,15.0,138.1,220.3,75.3,60.5,2.9,81316.0,1,1
100582,25,18.9,143.6,171.1,86.3,87.4,2.5,42889.0,0,0
100583,21,20.1,143.5,225.1,104.5,70.9,2.0,40811.0,0,0
100584,45,24.2,105.0,204.0,171.4,61.0,3.0,38664.0,1,1
100585,79,24.7,114.7,156.0,107.5,90.9,1.1,30436.0,0,0
100586,64,18.5,127.2,194.1,140.2,74.3,3.5,55288.0,1,1
100587,24,21.1,158.0,248.3,130.1,94.1,2.4,34706.0,0,0
100588,74,21.7,142.2,258.7,109.2,87.2,0.6,36481.0,1,1
100589,74,38.3,136.8,225.1,75.3,67.0,2.4,36926.0,0,0
100590,71,35.0,114.2,158.3,126.5,74.2,1.6,30226.0,0,0
100591,78,,106.8,217.2,62.5,76.2,5.2,18734.0,0,0
100592,34,24.2,131.8,229.8,140.0,90.3,0.9,38056.0,0,0
100593,83,20.3,103.5,225.4,105.0,79.4,0.9,58100.0,0,0
100594,39,16.5,116.4,227.5,60.0,76.8,3.2,47955.0,0,0
100595,71,25.4,118.3,212.7,91.5,73.0,2.2,68409.0,1,1
100596,56,21.0,143.9,197.5,116.3,74.5,2.1,56264.0,0,0
100597,70,25.6,114.7,178.7,94.1,88.0,9.4,52859.0,0,0
100598,60,18.0,83.4,133.6,117.9,75.0,3.8,73240.0,0,0
100599,61,22.2,127.6,211.9,78.7,71.1,1.9,,0,0
100600,59,26.7,109.5,206.5,67.4,69.4,0.5,45946.0,0,0
100601,70,27.8,120.6,219.5,98.2,69.5,1.8,,1,1
100602,67,28.1,118.7,153.2,100.8,61.0,0.8,68157.0,0,0
100603,27,19.4,115.9,222.6,91.3,67.5,1.1,45038.0,0,0
100604,73,30.3,131.9,271.9,130.7,90.0,1.2,35276.0,1,1
100605,53,22.0,97.0,202.7,78.7,72.9,4.9,53815.0,1,1
100606,39,29.2,112.2,197.8,107.8,82.0,0.7,32756.0,0,0
100607,52,25.9,130.3,210.8,101.7,50.2,4.6,,0,0
100608,82,19.1,110.8,271.1,61.1,80.7,3.3,51208.0,0,0
100609,75,24.4,95.9,164.2,67.0,73.4,3.3,,0,0
100610,73,27.8,130.0,207.1,100.3,70.2,1.1,53487.0,0,0
100611,49,29.1,136.8,172.0,149.5,76.8,4.2,22683.0,0,0
100612,70,25.3,119.3,180.9,114.5,70.0,1.0,47444.0,0,0
100613,43,33.7,90.6,198.3,60.0,53.8,6.3,38059.0,1,1
100614,63,31.0,130.6,247.2,60.0,84.2,5.0,87934.0,1,0
100615,60,24.7,95.1,263.0,118.3,77.4,7.0,47337.0,0,0
100616,34,29.8,124.6,215.7,97.6,71.9,2.5,,0,0
100617,35,35.7,106.7,186.8,128.5,65.3,2.1,24325.0,0,0
100618,22,35.8,102.6,287.2,78.0,60.3,1.8,64581.0,0,0
100619,27,19.9,113.4,185.0,108.8,77.2,9.3,39750.0,0,0
100620,47,21.4,117.3,180.0,121.2,91.1,3.7,,0,0
100621,50,33.4,110.3,137.9,88.8,77.0,0.8,50044.0,0,0
100622,29,20.7,128.8,248.9,89.3,61.2,5.8,54746.0,0,0
100623,45,19.4,113.3,233.9,100.6,77.3,2.1,54509.0,1,1
100624,58,,134.7,284.6,113.6,74.5,0.1,45296.0,1,1
100625,33,28.1,124.2,151.4,99.6,83.6,1.3,,0,0
100626,40,25.5,109.5,251.0,124.3,81.1,5.0,48481.0,0,0
100627,42,22.7,107.0,202.5,88.5,45.1,3.3,50046.0,0,0
100628,51,22.6,95.3,228.2,66.8,80.5,3.8,,0,0
100629,42,22.4,124.4,142.3,149.4,65.0,5.8,61417.0,0,0
100630,67,21.6,114.7,251.4,84.9,60.8,0.4,45846.0,0,0
100631,39,37.4,84.4,227.5,85.8,73.1,1.3,32748.0,0,0
100632,47,27.5,112.0,198.6,98.4,79.1,2.5,,0,0
100633,43,30.4,106.5,222.6,101.7,58.6,5.1,,0,0
100634,30,23.6,143.6,173.2,90.3,82.0,1.0,18202.0,0,0
100635,63,25.1,94.5,179.7,99.6,82.6,1.9,18289.0,0,0
100636,33,22.4,98.4,183.8,99.0,75.5,2.4,58774.0,0,0
100637,37,15.0,136.6,135.2,104.4,66.3,1.3,67802.0,1,1
100638,71,19.1,140.4,230.2,60.0,65.2,2.4,26022.0,0,0
100639,81,16.9,108.8,241.7,147.0,85.3,2.1,46507.0,0,0
100640,62,15.0,110.5,175.5,96.3,59.9,1.6,39007.0,0,0
100641,79,20.0,129.2,212.2,114.5,85.6,4.1,41088.0,1,1
100642,75,32.6,85.1,190.7,65.5,73.3,3.6,49583.0,1,1
100643,50,25.8,92.1,211.5,88.2,74.0,4.3,,1,1
100644,69,32.5,115.8,178.0,83.2,57.9,4.5,28392.0,0,0
100645,40,28.1,143.2,169.1,136.7,73.5,0.6,40481.0,0,0
100646,48,29.9,113.5,236.8,85.4,81.1,0.7,42819.0,0,0
100647,53,21.5,121.5,197.8,119.0,61.6,3.9,,0,0
100648,82,28.6,137.0,270.8,83.7,80.0,1.7,56845.0,1,1
100649,74,29.6,151.6,201.6,88.7,75.9,1.5,38737.0,0,0
100650,50,23.1,111.3,167.6,93.9,68.6,1.3,38673.0,1,1
100651,61,28.8,119.7,242.9,132.1,83.5,4.4,49240.0,0,0
100652,31,28.8,147.3,222.1,60.0,53.0,8.9,43066.0,1,1
100653,71,23.3,97.2,225.4,67.1,78.5,4.5,57562.0,0,0
100654,55,20.4,135.4,241.7,60.0,91.2,1.6,30999.0,1,1
100655,53,20.1,104.7,177.2,72.8,89.4,4.2,24039.0,0,0
100656,69,26.4,121.5,195.5,79.7,78.9,0.6,40353.0,1,1
100657,60,27.6,116.4,194.0,60.0,72.0,2.0,45904.0,0,0
100658,22,22.0,105.6,154.8,81.6,68.6,0.4,,1,1
100659,37,26.1,105.3,190.8,60.0,72.0,1.7,24184.0,0,0
100660,29,28.9,124.1,246.8,74.6,80.4,2.7,47734.0,0,0
100661,67,29.1,134.9,208.3,130.0,66.9,10.0,33633.0,0,0
100662,20,33.8,118.1,152.9,110.1,82.6,5.3,23212.0,0,0
100663,31,,121.1,145.5,104.7,96.3,0.5,59480.0,0,0
100664,58,21.0,128.6,258.3,74.9,74.4,0.5,,0,0
100665,64,,105.4,196.8,61.6,61.6,1.3,62247.0,0,0
100666,51,23.3,131.1,177.3,71.5,61.6,7.6,,0,0
100667,75,31.2,132.3,190.4,98.9,82.8,0.5,49421.0,0,0
100668,79,26.3,159.1,148.3,121.7,74.4,1.3,41828.0,0,0
100669,26,23.9,114.4,249.8,122.6,83.8,1.3,10000.0,1,1
100670,81,17.0,113.1,186.2,115.8,69.7,3.2,27948.0,0,0
100671,59,25.1,131.5,247.9,81.6,83.3,4.3,43114.0,0,0
100672,60,18.2,132.3,201.8,100.6,73.4,3.7,50471.0,0,0
100673,24,30.8,112.0,250.0,92.0,67.7,2.9,18155.0,0,0
100674,59,33.6,114.0,209.0,95.0,71.0,0.6,44196.0,0,0
100675,66,,128.1,229.9,150.9,63.0,2.6,28166.0,0,0
100676,56,27.5,107.6,225.2,60.0,94.9,5.9,48519.0,1,1
100677,23,22.4,113.8,221.8,94.1,74.0,7.2,,0,0
100678,53,,121.3,212.2,130.3,81.4,3.2,56153.0,0,0
100679,80,29.9,134.9,191.9,63.4,69.6,0.5,61002.0,0,0
100680,66,25.8,110.9,267.0,83.9,64.5,3.2,51885.0,1,1
100681,27,34.7,92.4,168.3,86.8,72.7,2.1,57906.0,0,0
100682,82,23.6,91.3,200.2,94.4,86.0,0.5,39745.0,0,0
100683,82,31.0,101.1,200.5,60.1,69.8,0.9,87347.0,0,0
100684,29,26.5,100.3,214.1,114.9,66.3,1.1,26718.0,0,0
100685,71,30.0,117.7,185.0,116.7,76.6,3.9,,0,0
100686,45,23.8,102.2,211.0,112.7,80.0,7.0,58520.0,0,0
100687,57,25.8,109.5,194.1,78.2,91.4,3.5,,0,0
100688,47,25.4,108.4,144.6,102.2,78.5,4.0,52311.0,0,0
100689,70,21.8,113.4,200.3,77.5,81.4,2.3,55130.0,0,0
100690,84,29.3,139.8,161.5,91.7,82.2,1.5,13747.0,0,0
100691,71,29.3,129.9,139.3,153.8,63.5,3.6,,0,0
100692,80,29.0,120.2,204.8,102.4,65.4,2.9,41942.0,0,0
100693,81,33.7,113.1,217.1,70.3,64.2,1.2,63688.0,0,0
100694,24,33.2,113.5,218.4,104.5,61.7,2.8,14497.0,0,0
100695,34,24.1,124.9,219.9,66.2,83.0,2.4,48849.0,0,0
100696,66,27.9,128.8,132.4,70.0,77.9,1.9,36547.0,0,0
100697,57,22.9,106.4,152.4,74.0,75.8,1.4,53582.0,0,0
100698,21,26.1,120.5,269.1,88.9,49.1,3.2,49756.0,1,1
100699,24,23.0,89.5,163.3,123.4,95.6,1.5,50491.0,0,0
100700,52,34.1,123.2,221.4,114.5,66.1,8.9,,0,0
100701,59,27.8,131.4,176.0,113.1,95.5,3.4,44145.0,0,0
100702,29,24.9,115.8,202.8,72.5,60.5,3.2,42297.0,0,0
100703,29,32.0,147.2,177.8,86.5,66.9,2.1,52430.0,0,0
100704,26,15.1,106.8,219.7,106.8,53.0,1.7,,0,0
100705,55,15.9,123.3,204.8,84.3,78.6,0.3,47257.0,0,0
100706,18,30.0,119.5,184.3,93.0,64.0,1.3,25857.0,1,1
100707,56,26.3,118.5,163.2,111.0,64.3,0.5,46614.0,0,0
100708,49,27.3,118.3,209.4,91.3,61.3,0.4,84166.0,0,0
100709,49,19.4,121.6,157.6,105.7,82.8,0.8,69690.0,0,0
100710,63,25.9,132.7,215.0,139.8,82.1,5.5,10000.0,0,0
100711,53,36.0,140.7,291.9,95.7,93.1,5.5,45950.0,1,1
100712,66,30.1,120.0,247.3,129.5,68.1,1.3,,1,1
100713,69,26.8,132.2,225.1,114.0,77.2,0.6,42265.0,0,0
100714,79,23.8,109.5,197.0,63.3,62.1,1.7,38099.0,0,0
100715,71,24.0,131.5,132.1,72.4,71.6,3.9,,1,1
100716,52,15.4,108.6,153.7,79.2,69.8,4.7,53283.0,0,0
100717,50,27.3,136.4,244.9,78.6,79.6,2.8,27773.0,0,0
100718,33,,153.2,172.4,97.7,85.2,3.1,62830.0,1,1
100719,58,18.1,118.2,175.5,115.4,84.9,2.9,44160.0,0,0
100720,27,22.7,87.1,194.2,131.4,66.6,0.5,,0,0
100721,80,20.2,111.8,162.8,107.7,85.0,0.7,,0,0
100722,74,21.2,138.5,157.1,88.9,74.6,7.2,21823.0,0,0
100723,26,26.3,128.3,198.2,60.0,71.8,2.8,36672.0,0,0
100724,70,15.6,123.7,168.8,101.8,67.9,0.3,36425.0,0,0
100725,25,29.1,135.1,174.1,100.6,69.4,3.3,77159.0,0,0
100726,66,29.8,127.3,172.7,104.6,92.4,1.0,34725.0,0,0
100727,23,24.7,138.3,218.3,152.7,78.1,5.0,,0,0
100728,50,15.0,133.8,191.9,131.0,76.7,4.6,36273.0,0,0
100729,62,21.0,142.8,193.7,119.6,72.4,3.7,51833.0,0,0
100730,66,32.2,125.4,220.9,75.9,99.5,2.7,56761.0,0,0
100731,46,15.0,133.6,195.0,87.2,88.1,5.8,,1,0
100732,79,24.3,115.4,190.3,97.6,67.8,6.2,66103.0,0,0
100733,69,20.1,111.0,216.5,80.6,72.3,1.1,47819.0,1,1
100734,31,30.0,145.6,223.4,112.5,72.9,3.7,31629.0,0,0
100735,62,22.6,123.2,194.9,108.9,76.5,1.5,69360.0,0,0
100736,66,28.0,132.1,202.8,72.8,68.0,0.9,39472.0,0,0
100737,40,28.8,121.9,172.6,129.9,79.4,6.2,35128.0,0,0
100738,67,35.2,111.2,169.9,102.6,89.5,4.1,38744.0,1,1
100739,78,,120.2,226.9,60.0,61.9,2.9,26216.0,0,0
100740,72,27.9,141.5,215.6,98.7,63.7,1.2,38025.0,0,0
100741,69,18.6,128.3,215.9,107.0,70.2,6.4,41503.0,0,0
100742,60,32.0,94.3,209.8,124.3,70.6,1.0,55960.0,0,0
100743,36,22.2,116.8,201.6,91.6,95.0,0.8,39179.0,1,0
100744,71,23.2,146.7,224.4,120.7,85.0,2.4,25988.0,0,0
100745,42,25.9,116.8,232.7,104.7,84.4,3.9,20943.0,1,1
100746,53,18.2,93.0,231.9,67.1,72.4,1.8,48144.0,0,0
100747,39,27.1,148.4,196.5,64.6,72.1,2.7,46089.0,0,0
100748,38,30.8,130.2,248.5,128.1,60.5,1.5,36685.0,0,0
100749,28,27.5,118.9,208.0,129.9,82.8,1.6,37988.0,0,0
100750,82,18.1,114.4,222.1,108.1,79.9,7.8,,1,1
100751,27,25.4,136.2,209.9,137.4,87.9,2.2,65858.0,0,0
100752,23,29.7,111.9,208.6,126.4,72.9,6.1,33298.0,1,1
100753,80,16.6,137.2,174.2,117.1,73.6,0.4,,1,1
100754,55,20.6,128.1,224.5,77.2,76.7,5.1,59374.0,1,0
100755,47,30.4,123.7,299.6,143.3,83.9,1.2,33358.0,0,0
100756,67,27.4,122.2,186.9,113.4,60.3,4.2,44766.0,1,1
100757,43,28.1,117.4,202.5,90.4,82.4,1.2,44430.0,0,0
100758,26,35.3,135.7,184.4,83.3,74.8,1.7,25331.0,0,0
100759,66,28.3,107.0,182.9,106.4,64.4,0.9,47527.0,1,1
100760,29,29.3,95.7,254.1,60.0,54.2,4.3,45473.0,0,0
100761,55,39.6,129.2,176.4,117.5,73.6,4.7,,0,0
100762,81,24.9,129.5,183.4,76.2,89.5,1.3,27197.0,0,0
100763,80,22.0,127.2,144.4,109.3,91.7,0.6,45150.0,1,1
100764,42,28.1,126.1,173.5,87.0,78.6,6.0,65726.0,0,0
100765,70,28.2,115.2,140.2,93.4,94.6,1.4,76162.0,0,0
100766,59,23.4,131.8,222.1,81.1,74.6,2.1,,1,1
100767,50,,119.3,298.0,96.0,84.5,1.1,27344.0,1,1
100768,27,37.5,112.7,187.2,147.2,70.5,4.0,51766.0,0,0
100769,43,,115.3,141.7,134.6,69.9,4.1,37753.0,0,1
100770,61,22.3,150.3,231.5,108.9,68.2,6.7,49259.0,0,0
100771,84,30.6,94.0,174.6,99.4,54.4,5.2,33417.0,0,0
100772,18,25.5,127.5,245.5,121.1,87.9,4.9,19298.0,0,0
100773,66,,94.8,190.1,128.2,68.6,2.3,39832.0,0,0
100774,74,28.8,118.4,177.9,79.3,67.0,2.1,55839.0,0,0
100775,81,19.5,113.5,193.8,98.1,63.2,3.9,,0,0
100776,46,27.8,88.7,226.5,60.0,73.0,2.2,,0,0
100777,25,35.6,125.8,192.0,128.1,92.6,5.3,48245.0,0,0
100778,36,28.3,114.3,182.6,151.6,95.9,1.0,,0,0
100779,74,24.1,88.5,193.0,102.0,58.4,0.4,52943.0,0,0
100780,76,,132.6,155.5,60.0,71.5,3.6,40880.0,0,0
100781,60,23.9,141.5,213.9,115.2,64.7,1.5,46243.0,1,1
100782,26,24.7,142.4,137.5,77.4,84.9,0.9,71149.0,0,0
100783,26,24.1,125.4,184.5,83.4,77.9,9.6,47130.0,0,0
100784,50,30.6,120.7,226.6,115.7,68.6,2.4,,1,0
100785,57,17.3,139.9,210.6,106.4,75.7,0.7,46543.0,1,1
100786,20,30.3,145.2,220.7,87.8,70.2,1.4,41731.0,0,0
100787,63,24.1,137.0,197.7,83.8,91.1,1.9,38470.0,0,0
100788,54,27.9,105.9,240.9,103.1,80.5,3.6,48130.0,0,0
100789,18,20.4,123.0,232.4,89.8,81.7,1.4,37414.0,0,0
100790,24,32.6,126.6,215.6,72.3,48.3,2.1,42817.0,0,0
100791,48,32.2,92.9,232.5,91.7,74.3,3.0,33142.0,1,1
100792,66,30.8,127.0,226.3,108.5,95.8,3.4,46620.0,0,0
100793,73,18.4,154.1,184.6,95.5,88.3,2.3,,1,1
100794,46,30.1,129.6,153.0,64.7,56.5,7.7,41821.0,0,0
100795,37,28.0,142.1,214.7,124.7,71.9,4.0,14874.0,0,0
100796,82,18.0,122.7,219.1,60.0,63.0,3.9,,0,0
100797,48,25.9,118.9,238.2,88.8,92.1,3.8,46803.0,0,0
100798,39,27.8,125.7,167.2,84.5,77.4,5.3,30102.0,0,0
100799,47,,107.8,168.3,103.7,67.3,2.8,,0,0
100800,18,26.9,105.5,216.1,114.0,75.3,1.0,,1,1
100801,38,27.5,139.0,197.5,128.2,48.9,3.3,60681.0,1,1
100802,52,33.4,140.6,134.0,82.2,64.2,3.6,44140.0,0,0
100803,79,32.1,105.1,213.1,114.7,75.4,5.9,,1,1
100804,67,,134.5,135.2,104.9,83.5,0.9,47675.0,0,0
100805,70,24.4,118.7,166.9,60.0,55.6,1.1,38907.0,0,0
100806,54,25.2,125.1,247.3,147.5,71.2,2.5,36647.0,0,0
100807,25,17.2,126.9,263.9,64.0,85.1,3.8,33934.0,0,0
100808,44,26.5,134.9,157.5,110.5,60.5,0.7,,1,1
100809,84,32.2,121.2,188.5,109.7,77.3,0.9,37722.0,0,0
100810,20,20.6,141.2,201.5,106.9,75.7,4.5,17150.0,0,0
100811,76,27.7,124.6,262.3,87.6,92.1,0.8,64081.0,0,0
100812,63,21.4,129.4,182.7,120.7,72.7,1.1,41335.0,0,0
100813,37,22.6,107.5,183.3,61.0,73.3,4.7,34021.0,1,1
100814,70,33.4,152.4,254.2,98.4,83.5,3.8,28074.0,0,0
100815,74,23.3,127.0,186.9,85.9,61.7,1.4,56561.0,1,1
100816,20,28.3,130.7,225.3,83.1,72.8,3.5,25524.0,0,0
100817,25,16.6,95.9,148.3,110.7,70.4,3.0,47010.0,0,0
100818,62,35.3,107.7,194.0,126.9,73.6,2.2,36245.0,0,0
100819,84,29.0,138.6,141.9,91.4,83.5,1.8,,0,0
100820,19,25.1,124.3,163.1,119.5,80.5,3.4,28447.0,0,0
100821,62,28.9,91.3,229.4,101.2,67.5,0.8,35695.0,1,1
100822,27,19.0,135.6,198.3,77.7,76.4,3.4,45132.0,0,0
100823,61,31.9,111.8,188.8,93.6,89.9,2.8,48530.0,0,0
100824,59,24.4,141.2,173.8,92.5,66.7,3.0,33216.0,0,0
100825,24,25.0,118.7,192.3,82.6,76.5,1.1,43636.0,0,0
100826,63,23.5,123.1,210.5,110.7,73.1,6.0,58327.0,0,0
100827,78,,137.7,234.4,105.9,74.4,1.4,20061.0,0,0
100828,75,29.5,106.5,108.1,60.2,58.7,1.6,44906.0,1,1
100829,19,27.3,105.1,170.9,60.0,89.1,2.1,30738.0,0,0
100830,34,29.3,117.1,205.6,110.6,67.3,3.8,29210.0,0,0
100831,34,26.0,132.4,196.5,79.6,85.3,2.9,48915.0,0,0
100832,48,28.6,100.0,214.1,107.6,68.8,0.5,36821.0,0,0
100833,27,23.9,95.0,209.4,119.5,68.7,2.4,26748.0,0,0
100834,75,37.1,132.4,189.3,68.2,87.1,2.6,64864.0,0,0
100835,70,18.2,111.0,181.6,64.7,84.9,6.1,58801.0,0,0
100836,72,32.3,114.1,191.4,141.9,77.1,1.9,16015.0,0,0
100837,31,32.8,92.1,240.2,108.8,82.6,3.6,22884.0,0,0
100838,18,21.7,109.8,174.4,89.5,72.1,12.5,53902.0,1,1
100839,79,37.1,119.9,197.8,76.7,74.9,5.4,,1,1
100840,37,,134.0,206.4,87.2,68.4,1.0,67509.0,0,0
100841,61,30.9,108.4,254.6,70.2,84.0,4.1,,0,0
100842,78,26.1,144.9,189.5,122.1,68.1,3.4,,0,0
100843,20,24.9,109.7,233.6,80.6,89.9,1.8,29672.0,0,0
100844,18,25.0,109.8,243.1,127.3,71.8,4.2,52372.0,1,1
100845,18,28.0,143.1,197.8,90.0,75.2,1.0,25864.0,0,0
100846,28,33.0,123.2,192.6,73.9,82.6,1.4,64579.0,0,0
100847,21,26.9,111.7,188.5,89.3,75.2,2.1,51332.0,0,0
100848,72,21.4,117.7,191.0,60.0,72.0,1.8,32628.0,0,0
100849,58,30.1,140.3,229.9,97.0,74.7,3.9,57070.0,0,0
100850,83,30.6,142.0,208.1,95.7,83.9,2.4,,0,0
100851,71,29.3,107.7,208.2,120.6,68.4,1.6,41736.0,1,1
100852,82,29.7,119.4,160.6,60.0,73.7,5.3,,0,0
100853,33,24.6,121.4,166.1,129.0,75.1,3.8,38523.0,0,0
100854,37,21.4,105.2,275.0,120.5,83.6,0.7,46280.0,0,0
100855,74,21.7,119.2,193.8,131.3,74.0,0.6,22391.0,0,0
100856,34,17.8,120.1,172.9,98.7,93.1,1.6,44992.0,0,0
100857,21,27.2,137.1,250.1,125.3,73.4,0.7,45654.0,1,1
100858,62,,138.1,209.9,63.2,72.6,4.8,71985.0,0,0
100859,71,23.8,115.1,220.2,117.8,73.3,1.5,,0,0
100860,82,15.0,116.8,195.2,80.7,61.8,3.5,40787.0,0,0
100861,80,19.8,130.0,188.8,60.0,64.6,4.1,64322.0,0,0
100862,26,31.6,111.2,194.1,71.9,69.7,0.4,,0,0
100863,69,22.7,128.8,151.6,100.1,86.4,1.6,42430.0,0,0
100864,74,27.8,118.7,196.9,79.4,74.7,2.1,,0,0
100865,64,19.0,105.5,210.4,109.4,70.2,3.0,31011.0,0,0
100866,72,33.2,105.6,264.8,60.0,87.3,4.6,,0,0
100867,74,25.3,141.7,203.0,60.0,90.5,9.9,35562.0,0,0
100868,47,27.5,117.7,118.3,134.3,87.6,7.2,30160.0,0,0
100869,20,37.6,144.6,196.7,122.6,66.5,2.3,46771.0,0,0
100870,48,33.6,112.3,295.9,73.8,70.0,2.3,33185.0,1,1
100871,31,24.5,124.4,230.3,99.9,93.1,6.7,37806.0,0,0
100872,25,23.0,155.9,171.6,125.5,77.4,2.4,38217.0,0,0
100873,26,24.4,104.1,220.7,110.5,72.3,1.5,44278.0,0,0
100874,64,,91.5,174.0,103.7,82.2,4.8,37072.0,0,0
100875,51,25.5,139.3,152.6,127.4,85.1,3.1,29073.0,0,0
100876,54,24.0,107.6,187.8,81.7,69.3,0.6,46286.0,1,1
100877,67,33.3,119.7,203.2,100.8,77.2,1.9,61012.0,0,0
100878,54,25.4,111.2,134.5,99.6,84.3,0.8,46927.0,0,0
100879,60,37.5,124.0,159.8,93.2,63.4,0.1,,1,1
100880,23,26.5,105.7,200.4,90.3,75.1,7.8,43153.0,1,1
100881,75,34.9,117.3,185.7,101.8,63.9,2.7,14241.0,0,0
100882,48,27.8,126.7,213.8,100.9,65.2,2.0,42909.0,0,0
100883,28,30.8,104.9,157.5,73.8,69.4,1.6,38995.0,0,0
100884,72,22.4,109.5,225.0,120.0,79.8,2.5,30998.0,1,1
100885,67,21.7,114.8,158.6,75.6,71.8,1.6,33719.0,0,0
100886,21,28.3,98.6,257.5,94.5,68.5,1.0,38846.0,1,1
100887,30,30.9,113.7,139.9,92.6,75.5,1.7,59887.0,0,0
100888,19,26.2,121.8,161.8,109.0,63.5,6.3,,0,0
100889,36,19.6,114.0,214.6,60.0,79.3,4.7,31078.0,0,0
100890,24,19.2,115.9,258.2,122.3,86.3,1.7,37229.0,0,0
100891,65,18.9,119.7,211.0,83.1,74.2,8.4,37611.0,0,0
100892,53,17.2,110.2,219.7,130.5,73.0,2.3,57143.0,0,0
100893,83,26.5,130.4,200.6,88.0,78.7,1.3,47183.0,0,0
100894,68,31.6,141.5,164.1,98.8,54.7,3.2,46392.0,0,0
100895,58,,113.0,182.8,147.8,80.4,6.9,53044.0,0,0
100896,52,15.0,127.3,157.6,93.1,106.0,6.1,36054.0,1,0
100897,21,25.0,116.4,155.2,131.0,73.8,1.3,65458.0,0,0
100898,22,25.2,125.5,214.1,101.0,73.8,0.9,44974.0,0,0
100899,59,36.5,143.5,160.7,110.4,82.4,1.8,32161.0,0,0
100900,18,18.7,127.6,211.2,101.7,91.5,3.6,41555.0,0,0
100901,20,24.0,93.4,154.4,121.2,84.7,4.3,63479.0,0,0
100902,32,34.5,126.8,210.4,82.9,53.4,5.5,38623.0,1,1
100903,77,28.2,138.5,182.9,75.4,80.6,2.8,59243.0,0,0
100904,48,28.8,116.7,249.2,84.0,100.7,2.9,35620.0,0,0
100905,65,26.6,134.9,211.3,102.5,81.2,2.7,33515.0,1,0
100906,45,,109.6,243.3,94.5,63.5,5.0,54894.0,0,0
100907,29,29.9,97.7,173.6,117.8,77.8,4.4,31890.0,0,0
100908,42,22.0,122.1,202.0,132.6,62.2,1.3,57338.0,1,1
100909,24,30.4,93.7,165.7,75.6,87.3,4.0,50274.0,0,0
100910,69,19.1,116.4,185.5,81.7,65.4,4.8,31896.0,1,1
100911,30,27.6,139.3,190.8,64.1,75.7,5.1,43928.0,1,1
100912,43,26.9,91.4,174.6,150.8,66.4,3.1,36768.0,1,1
100913,83,22.9,100.8,157.5,107.6,69.5,3.0,,0,0
100914,57,25.9,104.5,150.5,112.0,89.9,2.4,73317.0,1,1
100915,48,22.9,119.1,118.1,66.5,76.0,2.6,39439.0,0,0
100916,54,20.6,114.5,163.0,100.0,69.4,7.5,53007.0,1,1
100917,70,24.2,141.0,222.0,112.7,63.5,2.7,45367.0,0,0
100918,35,20.5,134.3,144.1,93.7,56.3,1.4,45361.0,0,0
100919,60,27.6,127.4,152.1,126.9,62.5,3.1,42522.0,1,1
100920,76,20.2,122.2,262.7,157.8,76.1,4.2,32139.0,0,0
100921,56,29.6,125.9,177.7,76.3,84.8,4.9,50027.0,0,0
100922,47,20.1,107.1,211.2,74.4,69.4,1.0,40669.0,0,0
100923,27,23.2,132.9,222.5,78.1,90.7,6.5,31428.0,1,0
100924,34,22.9,103.3,223.2,140.2,67.8,4.1,60213.0,0,0
100925,81,32.6,132.5,146.7,126.1,72.6,6.3,46485.0,0,0
100926,54,27.7,137.8,191.9,96.6,64.2,0.7,41579.0,0,0
100927,38,24.9,123.2,143.4,100.9,84.9,5.2,65101.0,1,1
100928,46,28.5,117.4,285.6,79.6,96.0,1.0,17459.0,1,1
100929,56,15.5,126.0,144.2,122.3,57.4,2.0,64092.0,0,0
100930,54,25.8,80.0,163.3,90.5,71.5,4.2,31797.0,0,0
100931,64,36.0,124.5,163.6,93.5,87.6,0.9,48173.0,1,1
100932,35,26.7,118.3,147.6,115.2,60.5,1.6,36179.0,0,0
100933,61,26.3,119.2,247.3,95.3,80.7,0.7,31155.0,0,0
100934,47,28.7,130.6,284.8,94.1,87.2,4.2,64708.0,1,1
100935,81,30.5,118.9,183.3,100.3,75.8,1.3,72843.0,1,1
100936,28,16.0,102.9,153.8,119.9,80.5,2.5,41682.0,0,0
100937,27,17.6,117.9,121.7,141.2,92.6,3.4,50032.0,0,0
100938,48,27.1,121.0,191.5,114.6,94.5,3.1,45855.0,0,0
100939,52,22.4,121.7,188.9,120.1,74.4,2.9,70958.0,0,0
100940,64,,122.4,177.2,95.0,69.7,2.9,13303.0,1,1
100941,45,24.4,135.6,207.7,82.3,65.8,0.7,50657.0,0,0
100942,79,16.3,103.7,213.8,116.3,84.8,2.1,34093.0,0,0
100943,49,19.7,122.6,211.3,104.3,61.3,2.9,,0,0
100944,26,15.0,139.3,188.9,64.4,72.5,2.7,39592.0,0,0
100945,25,24.8,94.0,161.4,91.8,76.0,2.3,72721.0,0,0
100946,83,25.1,122.7,223.3,97.9,70.0,1.4,35159.0,0,0
100947,26,23.9,111.2,200.4,87.2,77.8,3.1,56861.0,0,0
100948,81,31.4,114.4,231.1,137.0,100.6,3.5,,1,1
100949,36,32.0,106.4,227.7,112.0,73.8,1.8,44810.0,0,0
100950,24,25.1,117.5,150.2,134.3,70.6,4.9,46807.0,0,0
100951,38,15.3,147.6,149.8,106.6,85.2,6.6,19256.0,0,0
100952,59,29.1,101.0,173.6,102.0,77.4,2.6,34258.0,1,1
100953,46,28.8,102.5,163.0,76.6,89.4,1.3,58605.0,0,0
100954,70,27.5,100.5,226.4,100.3,76.6,0.9,45910.0,0,0
100955,58,30.9,145.9,212.3,100.3,72.5,2.0,50510.0,0,0
100956,44,20.2,113.1,238.5,65.8,57.2,2.4,,0,0
100957,60,36.0,119.6,213.9,86.5,58.8,0.8,77880.0,1,1
100958,83,21.2,114.0,207.3,91.9,56.6,1.9,38542.0,0,0
100959,45,29.7,105.8,242.0,110.3,78.8,4.8,69081.0,0,0
100960,28,17.6,116.5,216.4,111.5,61.4,0.3,47003.0,0,0
100961,45,21.3,156.9,202.4,85.5,87.6,2.7,70413.0,0,0
100962,74,33.6,140.9,251.8,111.7,75.3,1.6,,0,0
100963,32,24.7,107.2,204.0,95.4,72.6,2.5,47770.0,0,0
100964,81,30.2,129.7,189.3,60.0,66.6,6.9,39095.0,1,1
100965,57,27.2,107.5,170.7,87.9,81.2,2.4,,0,0
100966,58,25.5,93.4,224.6,127.0,67.0,2.1,,0,0
100967,39,32.8,135.3,243.3,60.0,65.1,4.0,50682.0,0,0
100968,79,24.8,137.4,198.2,102.8,86.9,3.1,63306.0,0,0
100969,20,17.1,135.7,245.8,139.6,78.5,2.7,34947.0,0,0
100970,38,22.0,113.0,131.0,81.0,72.7,3.2,,0,0
100971,46,28.8,117.5,198.1,100.1,81.4,5.7,45242.0,1,1
100972,49,28.0,131.2,198.6,67.4,75.1,4.6,44420.0,1,1
100973,49,18.2,125.9,174.6,140.7,78.8,2.0,42212.0,1,1
100974,27,22.4,114.1,283.4,97.9,66.8,6.6,30621.0,0,0
100975,33,23.1,95.7,197.7,101.2,95.7,1.7,62980.0,0,0
100976,24,24.2,121.7,185.7,133.9,69.2,2.7,39557.0,0,0
100977,56,19.1,136.2,200.9,116.5,90.6,2.9,66391.0,0,0
100978,41,,102.0,129.9,78.1,73.1,2.0,45191.0,0,0
100979,55,22.4,129.6,173.4,83.8,83.1,6.2,54726.0,1,1
100980,57,29.9,125.0,234.4,112.4,82.3,1.9,53366.0,0,0
100981,65,30.0,131.3,178.0,84.4,86.5,2.3,32636.0,0,0
100982,54,25.3,133.1,171.0,60.0,66.6,5.0,50508.0,1,1
100983,61,24.0,109.6,245.8,98.7,85.8,1.7,73925.0,0,0
100984,57,26.7,95.7,246.9,63.0,93.5,0.8,,1,1
100985,61,21.9,112.0,218.1,140.4,72.4,2.7,58519.0,0,0
100986,59,20.3,133.3,184.1,104.4,75.3,1.1,55399.0,0,0
100987,39,21.3,111.9,191.6,77.4,69.8,1.0,49606.0,0,0
100988,34,22.8,109.6,171.9,82.5,71.5,0.3,47797.0,0,0
100989,70,20.2,92.7,165.2,60.0,92.1,0.3,,0,0
100990,40,26.8,146.3,163.4,72.5,65.0,0.4,56449.0,0,0
100991,54,29.6,132.4,178.4,125.4,65.6,7.2,,0,0
100992,31,18.1,131.5,163.8,155.8,91.1,0.4,48710.0,0,0
100993,46,26.1,134.5,145.3,118.2,81.2,1.0,42239.0,0,0
100994,53,24.9,128.7,207.7,97.7,96.2,2.3,39127.0,0,0
100995,59,,116.3,208.2,89.2,70.5,3.9,64439.0,0,0
100996,53,25.9,117.5,259.5,76.1,76.3,4.1,34003.0,0,0
100997,42,18.7,113.6,176.6,151.5,68.4,1.3,24078.0,0,0
100998,82,19.7,159.5,210.4,95.3,76.4,2.7,56936.0,1,1
100999,52,26.1,128.3,210.9,152.9,57.3,2.2,23694.0,0,0
101000,72,31.1,113.0,191.1,134.8,81.8,2.5,,1,1
101001,67,15.0,127.0,226.1,60.0,78.2,2.8,58624.0,0,0
101002,55,27.7,104.8,227.1,83.4,74.4,3.4,47381.0,0,0
101003,77,31.9,142.6,211.5,83.3,71.1,1.6,52091.0,0,0
101004,26,25.2,110.1,191.1,98.0,66.1,1.9,38364.0,0,0
101005,79,28.8,127.5,187.5,98.5,82.3,9.6,,1,1
101006,74,22.5,136.0,152.1,174.9,63.3,1.7,27213.0,1,1
101007,51,25.4,125.8,171.8,73.1,80.1,2.7,40917.0,0,0
101008,67,17.9,121.4,178.2,105.7,95.7,2.3,25914.0,0,0
101009,52,15.0,120.2,160.7,115.4,89.9,2.6,49606.0,0,0
101010,36,30.7,119.2,215.4,100.0,59.9,5.1,38063.0,0,0
101011,71,21.1,111.3,241.9,102.8,69.6,2.2,47776.0,0,0
101012,34,23.7,113.3,168.2,73.9,79.2,0.9,47327.0,0,0
101013,39,19.1,142.2,209.9,102.7,74.3,1.5,50802.0,0,0
101014,52,19.0,118.4,163.8,112.8,61.0,2.2,52492.0,0,0
101015,74,25.1,108.2,189.3,108.2,78.9,2.9,39841.0,1,1
101016,43,22.4,112.3,175.8,114.3,74.9,1.3,47760.0,1,1
101017,51,27.9,136.5,221.1,135.3,94.1,1.4,48540.0,0,0
101018,20,28.3,130.1,176.2,123.4,72.5,2.9,10000.0,0,0
101019,25,27.6,128.4,235.4,101.8,86.7,3.0,54698.0,1,0
101020,21,27.2,116.1,191.4,70.7,62.3,4.6,47249.0,0,0
101021,22,33.9,128.6,177.3,85.0,64.7,1.5,53461.0,0,0
101022,76,20.7,110.3,156.1,94.5,82.2,3.6,25697.0,0,0
101023,74,25.7,116.1,208.9,106.3,85.8,2.3,40263.0,0,0
101024,73,31.7,134.5,231.3,88.0,65.4,1.7,28627.0,0,0
101025,21,32.3,133.1,209.6,76.6,75.2,2.3,,0,0
101026,23,18.9,105.3,278.4,70.3,61.2,2.6,23923.0,0,0
101027,36,24.4,107.2,250.0,60.0,73.2,0.8,31070.0,0,0
101028,55,,121.6,189.2,94.1,83.4,0.9,,0,0
101029,40,28.5,145.9,188.9,63.3,70.7,3.9,35559.0,1,1
101030,50,,91.3,216.4,75.0,72.5,1.9,31074.0,0,0
101031,29,24.9,124.2,170.7,90.2,63.7,2.9,58601.0,0,0
101032,66,24.1,99.4,240.8,66.6,68.5,3.9,59216.0,0,0
101033,39,27.4,110.5,212.7,109.5,92.6,2.3,55831.0,1,0
101034,22,24.7,114.5,209.0,118.5,75.7,3.6,57731.0,1,1
101035,67,25.8,113.7,224.0,86.3,65.0,2.6,41526.0,0,0
101036,78,26.4,112.0,260.3,89.1,71.9,2.7,41931.0,1,1
101037,18,22.6,120.1,206.0,113.4,59.0,5.4,35279.0,0,0
101038,47,28.7,112.0,196.0,82.2,64.9,2.1,47516.0,0,0
101039,73,40.6,98.1,252.8,80.4,88.6,4.0,37082.0,0,0
101040,65,17.1,131.7,233.9,129.9,73.6,0.7,38504.0,0,0
101041,75,27.6,131.3,188.8,122.1,93.9,2.8,53999.0,0,0
101042,45,22.2,132.6,200.2,115.0,74.0,6.3,62768.0,0,0
101043,42,28.9,96.9,206.8,123.1,74.6,10.0,50974.0,1,0
101044,65,26.2,124.5,212.7,60.0,81.4,0.7,71915.0,0,0
101045,28,29.8,130.1,152.5,133.8,48.3,1.8,34417.0,0,0
101046,34,31.9,104.5,146.0,109.8,77.0,1.1,17430.0,0,0
101047,58,27.0,120.1,168.9,125.3,74.5,2.2,55719.0,1,0
101048,62,31.7,118.3,166.2,109.7,89.9,4.4,33422.0,0,0
101049,26,15.0,147.6,177.5,101.2,84.6,5.5,40895.0,0,0
101050,52,34.0,148.9,222.2,93.1,63.7,5.6,18453.0,1,1
101051,42,27.9,95.0,194.1,109.2,87.4,0.7,31512.0,0,0
101052,51,31.4,157.4,206.9,92.2,72.4,2.5,22467.0,0,0
101053,82,19.9,106.3,157.1,121.7,66.0,1.5,38485.0,0,0
101054,23,21.8,134.7,183.8,60.3,77.0,2.1,39082.0,0,0
101055,84,26.7,134.6,220.6,86.5,73.0,1.7,46349.0,0,0
101056,48,25.9,105.1,220.8,151.1,90.4,0.7,63596.0,0,0
101057,69,27.4,127.4,174.6,84.3,78.4,5.5,55154.0,0,0
101058,46,31.4,118.4,205.7,94.0,77.1,1.3,20667.0,0,0
101059,38,17.2,128.3,277.0,77.9,84.0,1.5,54120.0,0,0
101060,69,30.9,123.5,199.4,108.4,85.9,6.3,46676.0,1,0
101061,64,26.0,137.9,175.7,81.6,82.8,0.6,43533.0,0,0
101062,27,25.0,121.1,193.9,95.4,89.2,3.3,44660.0,0,0
101063,65,,117.5,203.2,121.2,81.1,4.8,48068.0,0,1
101064,68,28.5,136.4,194.7,82.5,76.7,6.0,,0,0
101065,43,15.0,128.7,198.9,119.7,87.4,3.2,42265.0,0,0
101066,80,29.2,131.0,149.5,120.6,74.1,4.0,62759.0,1,1
101067,60,18.5,110.0,166.3,126.4,75.3,4.8,34441.0,0,0
101068,40,26.3,104.3,194.8,103.5,92.2,2.2,29552.0,0,0
101069,18,25.4,111.5,194.2,181.0,91.2,1.2,44074.0,0,0
101070,63,31.8,110.7,180.2,126.4,74.9,6.6,28042.0,0,0
101071,32,25.1,131.8,193.8,108.1,70.5,3.7,,0,0
101072,68,22.5,134.6,202.1,78.1,89.6,2.5,39833.0,0,0
101073,53,23.5,117.7,231.1,97.6,83.0,0.7,,0,0
101074,49,,141.5,196.5,135.7,78.2,0.2,44421.0,0,0
101075,28,28.7,140.5,214.0,142.7,71.8,3.3,47679.0,0,0
101076,65,24.1,123.7,181.0,137.0,78.3,0.2,,0,0
101077,29,24.8,107.7,220.0,119.6,74.8,2.5,51572.0,1,1
101078,45,18.2,143.6,213.2,68.6,68.4,1.4,46400.0,0,0
101079,74,27.9,119.1,230.3,112.2,76.3,1.7,35026.0,1,0
101080,79,17.2,121.9,225.0,69.0,77.7,5.7,47701.0,1,0
101081,84,29.8,114.9,220.6,62.8,71.2,1.4,47552.0,0,0
101082,82,26.6,106.7,196.6,106.0,84.0,2.6,29108.0,1,1
101083,55,37.9,98.0,208.6,113.1,87.9,1.4,49978.0,0,0
101084,31,20.5,129.5,237.2,122.6,84.7,3.1,62957.0,1,0
101085,74,25.5,108.2,177.2,112.4,72.2,2.8,41581.0,0,0
101086,71,35.0,165.9,178.0,113.3,82.6,2.5,31986.0,0,0
101087,84,32.0,103.7,206.4,75.4,75.8,4.9,42336.0,0,0
101088,61,22.5,101.1,214.5,97.4,62.6,0.6,57819.0,0,0
101089,27,27.1,127.7,171.2,62.3,81.7,0.4,26605.0,0,0
101090,51,26.0,142.9,197.4,60.0,76.5,0.9,53678.0,0,0
101091,48,27.4,121.0,196.7,118.5,100.9,2.8,34830.0,0,0
101092,74,22.5,128.6,122.5,81.2,89.6,3.4,48631.0,0,0
101093,44,25.6,92.3,192.3,121.8,82.1,0.1,36535.0,0,0
101094,40,18.0,109.8,194.5,127.7,77.5,3.4,36495.0,0,0
101095,23,26.7,103.9,194.4,84.5,76.6,1.9,67846.0,0,1
101096,73,28.3,91.6,249.6,114.8,65.0,6.7,23864.0,0,0
101097,68,24.9,121.8,157.4,83.5,57.6,3.2,52280.0,1,1
101098,20,17.9,86.4,171.1,60.0,66.3,6.2,70970.0,1,1
101099,47,30.9,100.2,108.6,103.1,74.5,5.5,55283.0,0,0
101100,50,27.8,111.9,183.2,88.2,53.9,1.9,25034.0,0,0
101101,49,22.4,107.5,186.2,89.0,69.6,4.4,25776.0,0,0
101102,79,,125.9,182.2,149.4,72.5,1.9,33726.0,0,0
101103,28,18.5,124.6,238.8,61.9,72.8,7.3,47369.0,0,0
101104,38,20.9,133.4,230.1,109.6,68.4,2.0,,0,0
101105,30,23.3,131.3,202.7,75.1,71.6,3.6,25925.0,0,0
101106,34,32.1,137.1,187.0,122.7,92.2,8.2,31909.0,0,0
101107,78,22.8,120.0,235.9,107.5,81.6,3.7,,0,0
101108,81,29.2,124.6,199.3,109.5,69.4,1.7,42289.0,0,0
101109,20,23.3,127.7,171.4,76.4,74.3,0.8,74770.0,0,0
101110,60,,122.1,139.9,80.9,74.7,0.6,31002.0,0,0
101111,33,25.3,114.0,184.6,123.2,67.3,3.4,30346.0,1,0
101112,30,30.4,115.0,226.4,144.3,67.3,2.3,28003.0,0,0
101113,37,23.3,107.7,279.7,112.0,85.1,0.9,54533.0,1,1
101114,31,18.1,126.3,202.2,77.6,70.8,4.1,44380.0,0,0
101115,50,19.1,118.6,173.2,108.5,64.1,4.1,31557.0,0,0
101116,84,23.3,110.1,158.5,160.7,74.6,2.3,39558.0,0,0
101117,57,19.8,110.1,219.3,102.6,76.2,6.4,33127.0,0,0
101118,66,28.1,101.8,138.2,136.5,55.3,0.5,49438.0,0,0
101119,51,23.7,134.7,219.3,81.5,74.6,1.8,85266.0,0,0
101120,18,37.9,121.2,228.6,98.9,83.7,3.7,53263.0,0,0
101121,23,17.3,107.1,215.3,115.5,79.5,1.0,43605.0,1,1
101122,36,27.0,132.1,192.3,109.9,97.3,4.4,35025.0,0,0
101123,34,20.4,111.6,219.8,80.8,87.5,5.3,24849.0,0,0
101124,74,23.5,98.9,206.0,79.8,89.5,0.1,56005.0,0,0
101125,74,26.7,135.3,172.8,124.7,103.0,6.6,55190.0,0,0
101126,75,15.0,111.9,264.8,129.8,82.6,3.5,38008.0,0,0
101127,60,27.2,113.9,187.7,137.8,76.6,1.6,63200.0,0,0
101128,55,35.5,120.6,227.2,145.1,84.7,0.6,45317.0,0,0
101129,61,23.7,137.1,115.3,103.4,69.4,4.8,56621.0,0,0
101130,45,27.3,120.3,244.7,92.2,76.1,0.8,49443.0,1,1
101131,62,31.1,102.0,251.4,133.8,68.5,3.5,42343.0,0,0
101132,71,25.2,128.2,201.0,117.8,79.0,0.9,,0,0
101133,69,23.1,112.7,219.6,75.4,68.5,2.5,42817.0,0,0
101134,59,15.0,148.3,219.5,74.2,68.1,4.7,57631.0,0,0
101135,21,29.2,120.0,177.5,112.3,79.1,1.6,37378.0,0,0
101136,66,25.4,86.5,219.1,95.6,73.6,6.5,51596.0,0,0
101137,42,,125.4,171.7,99.3,55.7,3.7,28759.0,0,0
101138,67,26.6,149.2,178.7,126.8,60.4,1.0,56701.0,0,0
101139,54,23.1,143.6,239.4,119.0,63.5,0.7,49694.0,0,0
101140,77,23.4,147.5,234.1,133.2,66.2,1.3,26968.0,0,0
101141,40,29.0,104.7,175.3,60.0,79.1,2.4,41640.0,0,0
101142,80,19.3,133.7,174.3,106.3,77.2,7.0,58972.0,0,0
101143,74,31.2,109.2,177.4,117.4,85.7,7.8,26115.0,0,0
101144,40,19.0,123.4,225.6,61.8,82.5,1.6,28936.0,0,0
101145,50,22.7,100.9,165.0,83.6,85.7,1.5,43958.0,0,0
101146,53,,110.3,212.5,79.0,81.1,4.2,,0,0
101147,69,31.6,109.9,226.1,100.5,77.1,4.1,34911.0,0,0
101148,64,26.5,133.5,196.9,140.7,86.0,5.9,52429.0,0,0
101149,75,21.3,132.0,235.4,150.6,84.2,6.0,48902.0,0,0
101150,42,23.4,124.2,189.3,79.6,78.8,1.2,36157.0,0,0
101151,51,26.4,99.7,192.5,113.2,87.7,0.6,,0,0
101152,46,26.2,115.3,165.8,114.0,51.5,3.8,38282.0,1,1
101153,78,25.5,108.8,235.6,109.7,72.1,2.9,39633.0,0,0
101154,38,25.8,133.0,173.2,110.0,71.9,0.3,20081.0,0,0
101155,57,24.9,137.7,212.2,107.6,86.5,0.5,44633.0,0,0
101156,26,18.8,135.8,197.5,142.2,90.7,3.6,58486.0,0,0
101157,74,23.4,108.7,163.2,127.6,60.5,2.2,45861.0,0,0
101158,43,30.6,80.0,178.7,73.5,89.1,3.7,61358.0,0,0
101159,40,19.2,93.5,248.4,119.9,63.3,0.9,53705.0,1,1
101160,57,25.1,141.3,207.1,122.3,63.6,3.9,44107.0,1,1
101161,51,21.9,114.0,164.7,107.9,72.7,3.2,35581.0,0,0
101162,74,26.6,108.7,210.7,128.3,71.8,4.1,37706.0,0,0
101163,53,24.1,144.6,194.9,104.7,59.4,1.7,22942.0,0,0
101164,52,33.4,139.0,320.9,105.0,81.5,1.4,,0,0
101165,25,28.5,120.4,210.0,103.0,81.8,0.6,47190.0,0,0
101166,19,19.4,115.6,186.7,60.0,85.5,1.9,70731.0,0,0
101167,44,29.4,118.0,249.7,98.0,70.7,5.1,52925.0,1,1
101168,84,22.1,123.4,135.6,83.3,74.6,6.1,32027.0,0,0
101169,79,23.1,144.0,203.3,70.3,74.7,0.8,23409.0,0,0
101170,60,27.6,126.3,269.8,135.9,91.9,2.4,41902.0,1,1
101171,60,23.5,130.9,195.9,112.6,46.7,7.0,57176.0,0,0
101172,44,30.5,137.5,139.3,99.3,65.4,7.7,41691.0,0,0
101173,29,22.1,102.5,186.1,85.9,75.1,1.9,53130.0,0,0
101174,18,22.9,131.3,250.9,107.4,64.1,5.5,42283.0,0,0
101175,40,22.7,115.6,213.2,124.8,72.4,4.8,55755.0,0,0
101176,39,23.2,82.3,170.6,79.3,73.7,4.6,21041.0,1,1
101177,30,31.5,88.1,176.0,99.9,68.4,0.5,69063.0,0,0
101178,35,,104.7,180.4,121.7,75.6,1.5,28313.0,0,0
101179,19,34.5,128.0,212.6,60.0,81.3,2.2,56906.0,0,0
101180,58,37.3,121.7,246.8,98.6,72.6,2.1,40917.0,0,0
101181,80,20.8,122.8,236.8,89.3,70.5,2.3,43263.0,0,0
101182,64,26.4,149.3,216.0,96.7,73.3,8.2,41383.0,0,0
101183,48,20.1,101.0,153.4,87.5,74.9,1.9,48834.0,0,0
101184,46,22.1,119.6,153.5,103.4,57.6,3.3,51863.0,1,1
101185,38,22.8,124.6,218.7,148.1,79.6,3.2,60875.0,0,0
101186,27,20.7,109.0,152.9,91.9,70.5,2.4,66119.0,0,0
101187,58,20.7,120.4,192.1,107.3,87.6,0.9,49977.0,0,0
101188,55,25.3,96.0,210.6,149.9,80.9,2.6,70705.0,0,0
101189,18,19.9,141.1,160.2,86.2,86.7,0.3,46395.0,1,1
101190,45,30.2,109.8,164.2,145.4,64.9,3.5,61162.0,0,0
101191,36,21.4,150.5,196.7,100.1,71.3,0.2,51431.0,0,0
101192,29,40.0,119.5,217.6,144.5,62.6,3.3,36762.0,0,0
101193,65,23.7,135.4,237.2,118.8,67.9,1.4,47719.0,0,0
101194,53,,119.2,221.2,107.7,87.5,1.0,52548.0,0,0
101195,60,19.5,119.5,202.6,98.4,89.9,4.2,44517.0,0,0
101196,65,34.5,111.2,173.9,84.4,63.5,1.7,51193.0,0,0
101197,83,31.6,121.8,162.5,101.9,70.4,2.5,57980.0,1,0
101198,71,27.5,124.8,182.1,122.4,74.2,0.5,44649.0,0,0
101199,59,19.3,108.2,214.3,99.7,80.9,6.4,10000.0,1,1
